mode: atomic
github.com/school-crm/backend/internal/grpc/server/branch.go:21.64,23.2 1 0
github.com/school-crm/backend/internal/grpc/server/branch.go:25.121,27.16 2 0
github.com/school-crm/backend/internal/grpc/server/branch.go:27.16,29.3 1 0
github.com/school-crm/backend/internal/grpc/server/branch.go:31.2,32.29 2 0
github.com/school-crm/backend/internal/grpc/server/branch.go:32.29,34.3 1 0
github.com/school-crm/backend/internal/grpc/server/branch.go:36.2,39.8 1 0
github.com/school-crm/backend/internal/grpc/server/branch.go:42.101,43.18 1 0
github.com/school-crm/backend/internal/grpc/server/branch.go:43.18,45.3 1 0
github.com/school-crm/backend/internal/grpc/server/branch.go:46.2,47.16 2 0
github.com/school-crm/backend/internal/grpc/server/branch.go:47.16,49.3 1 0
github.com/school-crm/backend/internal/grpc/server/branch.go:50.2,50.36 1 0
github.com/school-crm/backend/internal/grpc/server/branch.go:53.107,60.23 2 0
github.com/school-crm/backend/internal/grpc/server/branch.go:60.23,62.3 1 0
github.com/school-crm/backend/internal/grpc/server/branch.go:64.2,65.16 2 0
github.com/school-crm/backend/internal/grpc/server/branch.go:65.16,67.3 1 0
github.com/school-crm/backend/internal/grpc/server/branch.go:68.2,68.36 1 0
github.com/school-crm/backend/internal/grpc/server/branch.go:71.121,72.18 1 0
github.com/school-crm/backend/internal/grpc/server/branch.go:72.18,74.3 1 0
github.com/school-crm/backend/internal/grpc/server/branch.go:75.2,75.50 1 0
github.com/school-crm/backend/internal/grpc/server/branch.go:75.50,77.3 1 0
github.com/school-crm/backend/internal/grpc/server/branch.go:78.2,78.53 1 0
github.com/school-crm/backend/internal/grpc/server/branch.go:82.53,93.22 2 0
github.com/school-crm/backend/internal/grpc/server/branch.go:93.22,95.3 1 0
github.com/school-crm/backend/internal/grpc/server/branch.go:96.2,96.14 1 0
github.com/school-crm/backend/internal/grpc/server/class.go:21.61,23.2 1 0
github.com/school-crm/backend/internal/grpc/server/class.go:25.117,27.16 2 0
github.com/school-crm/backend/internal/grpc/server/class.go:27.16,29.3 1 0
github.com/school-crm/backend/internal/grpc/server/class.go:31.2,32.28 2 0
github.com/school-crm/backend/internal/grpc/server/class.go:32.28,34.3 1 0
github.com/school-crm/backend/internal/grpc/server/class.go:36.2,39.8 1 0
github.com/school-crm/backend/internal/grpc/server/class.go:42.97,43.18 1 0
github.com/school-crm/backend/internal/grpc/server/class.go:43.18,45.3 1 0
github.com/school-crm/backend/internal/grpc/server/class.go:46.2,47.16 2 0
github.com/school-crm/backend/internal/grpc/server/class.go:47.16,49.3 1 0
github.com/school-crm/backend/internal/grpc/server/class.go:50.2,50.35 1 0
github.com/school-crm/backend/internal/grpc/server/class.go:53.103,58.25 2 0
github.com/school-crm/backend/internal/grpc/server/class.go:58.25,60.3 1 0
github.com/school-crm/backend/internal/grpc/server/class.go:62.2,63.16 2 0
github.com/school-crm/backend/internal/grpc/server/class.go:63.16,65.3 1 0
github.com/school-crm/backend/internal/grpc/server/class.go:66.2,66.35 1 0
github.com/school-crm/backend/internal/grpc/server/class.go:69.117,70.18 1 0
github.com/school-crm/backend/internal/grpc/server/class.go:70.18,72.3 1 0
github.com/school-crm/backend/internal/grpc/server/class.go:73.2,73.50 1 0
github.com/school-crm/backend/internal/grpc/server/class.go:73.50,75.3 1 0
github.com/school-crm/backend/internal/grpc/server/class.go:76.2,76.52 1 0
github.com/school-crm/backend/internal/grpc/server/class.go:80.50,88.24 2 0
github.com/school-crm/backend/internal/grpc/server/class.go:88.24,90.3 1 0
github.com/school-crm/backend/internal/grpc/server/class.go:91.2,91.14 1 0
github.com/school-crm/backend/internal/grpc/server/health.go:25.132,32.2 1 2
github.com/school-crm/backend/internal/grpc/server/health.go:35.100,36.23 1 2
github.com/school-crm/backend/internal/grpc/server/health.go:36.23,38.3 1 2
github.com/school-crm/backend/internal/grpc/server/health.go:40.2,44.26 4 0
github.com/school-crm/backend/internal/grpc/server/health.go:44.26,47.3 2 0
github.com/school-crm/backend/internal/grpc/server/health.go:49.2,65.8 2 0
github.com/school-crm/backend/internal/grpc/server/payment.go:23.101,25.2 1 0
github.com/school-crm/backend/internal/grpc/server/payment.go:27.122,30.14 3 0
github.com/school-crm/backend/internal/grpc/server/payment.go:30.14,32.3 1 0
github.com/school-crm/backend/internal/grpc/server/payment.go:33.2,33.32 1 0
github.com/school-crm/backend/internal/grpc/server/payment.go:33.32,35.3 1 0
github.com/school-crm/backend/internal/grpc/server/payment.go:37.2,39.30 3 0
github.com/school-crm/backend/internal/grpc/server/payment.go:39.30,41.17 2 0
github.com/school-crm/backend/internal/grpc/server/payment.go:41.17,43.4 1 0
github.com/school-crm/backend/internal/grpc/server/payment.go:44.3,44.18 1 0
github.com/school-crm/backend/internal/grpc/server/payment.go:44.18,46.4 1 0
github.com/school-crm/backend/internal/grpc/server/payment.go:47.3,47.16 1 0
github.com/school-crm/backend/internal/grpc/server/payment.go:47.16,49.4 1 0
github.com/school-crm/backend/internal/grpc/server/payment.go:52.2,55.16 2 0
github.com/school-crm/backend/internal/grpc/server/payment.go:55.16,57.3 1 0
github.com/school-crm/backend/internal/grpc/server/payment.go:60.2,61.55 2 0
github.com/school-crm/backend/internal/grpc/server/payment.go:61.55,63.3 1 0
github.com/school-crm/backend/internal/grpc/server/payment.go:64.2,67.29 3 0
github.com/school-crm/backend/internal/grpc/server/payment.go:67.29,69.3 1 0
github.com/school-crm/backend/internal/grpc/server/payment.go:71.2,76.8 1 0
github.com/school-crm/backend/internal/grpc/server/payment.go:79.105,80.18 1 0
github.com/school-crm/backend/internal/grpc/server/payment.go:80.18,82.3 1 0
github.com/school-crm/backend/internal/grpc/server/payment.go:83.2,84.16 2 0
github.com/school-crm/backend/internal/grpc/server/payment.go:84.16,86.3 1 0
github.com/school-crm/backend/internal/grpc/server/payment.go:87.2,87.37 1 0
github.com/school-crm/backend/internal/grpc/server/payment.go:90.111,93.16 2 0
github.com/school-crm/backend/internal/grpc/server/payment.go:93.16,95.3 1 0
github.com/school-crm/backend/internal/grpc/server/payment.go:96.2,96.63 1 0
github.com/school-crm/backend/internal/grpc/server/payment.go:96.63,99.3 1 0
github.com/school-crm/backend/internal/grpc/server/payment.go:101.2,111.21 2 0
github.com/school-crm/backend/internal/grpc/server/payment.go:111.21,113.3 1 0
github.com/school-crm/backend/internal/grpc/server/payment.go:115.2,116.16 2 0
github.com/school-crm/backend/internal/grpc/server/payment.go:116.16,118.3 1 0
github.com/school-crm/backend/internal/grpc/server/payment.go:119.2,119.37 1 0
github.com/school-crm/backend/internal/grpc/server/payment.go:122.125,123.18 1 0
github.com/school-crm/backend/internal/grpc/server/payment.go:123.18,125.3 1 0
github.com/school-crm/backend/internal/grpc/server/payment.go:126.2,126.50 1 0
github.com/school-crm/backend/internal/grpc/server/payment.go:126.50,128.3 1 0
github.com/school-crm/backend/internal/grpc/server/payment.go:129.2,129.54 1 0
github.com/school-crm/backend/internal/grpc/server/payment.go:136.56,149.20 2 1
github.com/school-crm/backend/internal/grpc/server/payment.go:149.20,151.3 1 1
github.com/school-crm/backend/internal/grpc/server/payment.go:152.2,152.24 1 1
github.com/school-crm/backend/internal/grpc/server/payment.go:152.24,154.3 1 1
github.com/school-crm/backend/internal/grpc/server/payment.go:155.2,155.23 1 1
github.com/school-crm/backend/internal/grpc/server/payment.go:155.23,157.3 1 0
github.com/school-crm/backend/internal/grpc/server/payment.go:158.2,158.14 1 1
github.com/school-crm/backend/internal/grpc/server/student.go:21.67,23.2 1 0
github.com/school-crm/backend/internal/grpc/server/student.go:25.122,28.14 3 0
github.com/school-crm/backend/internal/grpc/server/student.go:28.14,30.3 1 0
github.com/school-crm/backend/internal/grpc/server/student.go:31.2,31.31 1 0
github.com/school-crm/backend/internal/grpc/server/student.go:31.31,33.3 1 0
github.com/school-crm/backend/internal/grpc/server/student.go:35.2,36.16 2 0
github.com/school-crm/backend/internal/grpc/server/student.go:36.16,38.3 1 0
github.com/school-crm/backend/internal/grpc/server/student.go:40.2,41.30 2 0
github.com/school-crm/backend/internal/grpc/server/student.go:41.30,43.3 1 0
github.com/school-crm/backend/internal/grpc/server/student.go:45.2,50.8 1 0
github.com/school-crm/backend/internal/grpc/server/student.go:53.105,54.18 1 0
github.com/school-crm/backend/internal/grpc/server/student.go:54.18,56.3 1 0
github.com/school-crm/backend/internal/grpc/server/student.go:57.2,58.16 2 0
github.com/school-crm/backend/internal/grpc/server/student.go:58.16,60.3 1 0
github.com/school-crm/backend/internal/grpc/server/student.go:61.2,61.38 1 0
github.com/school-crm/backend/internal/grpc/server/student.go:64.111,71.23 2 0
github.com/school-crm/backend/internal/grpc/server/student.go:71.23,73.3 1 0
github.com/school-crm/backend/internal/grpc/server/student.go:74.2,74.21 1 0
github.com/school-crm/backend/internal/grpc/server/student.go:74.21,76.3 1 0
github.com/school-crm/backend/internal/grpc/server/student.go:77.2,77.27 1 0
github.com/school-crm/backend/internal/grpc/server/student.go:77.27,79.3 1 0
github.com/school-crm/backend/internal/grpc/server/student.go:81.2,82.16 2 0
github.com/school-crm/backend/internal/grpc/server/student.go:82.16,84.3 1 0
github.com/school-crm/backend/internal/grpc/server/student.go:85.2,85.38 1 0
github.com/school-crm/backend/internal/grpc/server/student.go:88.111,89.18 1 0
github.com/school-crm/backend/internal/grpc/server/student.go:89.18,91.3 1 0
github.com/school-crm/backend/internal/grpc/server/student.go:92.2,93.24 2 0
github.com/school-crm/backend/internal/grpc/server/student.go:93.24,95.3 1 0
github.com/school-crm/backend/internal/grpc/server/student.go:96.2,96.23 1 0
github.com/school-crm/backend/internal/grpc/server/student.go:96.23,98.3 1 0
github.com/school-crm/backend/internal/grpc/server/student.go:99.2,99.21 1 0
github.com/school-crm/backend/internal/grpc/server/student.go:99.21,101.3 1 0
github.com/school-crm/backend/internal/grpc/server/student.go:102.2,102.27 1 0
github.com/school-crm/backend/internal/grpc/server/student.go:102.27,104.3 1 0
github.com/school-crm/backend/internal/grpc/server/student.go:105.2,105.28 1 0
github.com/school-crm/backend/internal/grpc/server/student.go:105.28,107.3 1 0
github.com/school-crm/backend/internal/grpc/server/student.go:108.2,108.22 1 0
github.com/school-crm/backend/internal/grpc/server/student.go:108.22,110.3 1 0
github.com/school-crm/backend/internal/grpc/server/student.go:112.2,113.16 2 0
github.com/school-crm/backend/internal/grpc/server/student.go:113.16,115.3 1 0
github.com/school-crm/backend/internal/grpc/server/student.go:116.2,116.38 1 0
github.com/school-crm/backend/internal/grpc/server/student.go:119.125,120.18 1 0
github.com/school-crm/backend/internal/grpc/server/student.go:120.18,122.3 1 0
github.com/school-crm/backend/internal/grpc/server/student.go:123.2,123.50 1 0
github.com/school-crm/backend/internal/grpc/server/student.go:123.50,125.3 1 0
github.com/school-crm/backend/internal/grpc/server/student.go:126.2,126.54 1 0
github.com/school-crm/backend/internal/grpc/server/student.go:133.57,146.30 2 1
github.com/school-crm/backend/internal/grpc/server/student.go:146.30,148.3 1 0
github.com/school-crm/backend/internal/grpc/server/student.go:149.2,149.24 1 1
github.com/school-crm/backend/internal/grpc/server/student.go:149.24,151.3 1 0
github.com/school-crm/backend/internal/grpc/server/student.go:152.2,152.10 1 1
github.com/school-crm/backend/internal/utils/convert.go:11.35,13.22 2 12
github.com/school-crm/backend/internal/utils/convert.go:13.22,14.34 1 89
github.com/school-crm/backend/internal/utils/convert.go:14.34,17.4 2 11
github.com/school-crm/backend/internal/utils/convert.go:17.9,19.4 1 78
github.com/school-crm/backend/internal/utils/convert.go:21.2,21.24 1 12
github.com/school-crm/backend/internal/utils/convert.go:25.84,27.34 2 2
github.com/school-crm/backend/internal/utils/convert.go:27.34,29.3 1 3
github.com/school-crm/backend/internal/utils/convert.go:30.2,30.18 1 2
github.com/school-crm/backend/internal/utils/convert.go:34.31,36.16 2 2
github.com/school-crm/backend/internal/utils/convert.go:36.16,39.3 1 0
github.com/school-crm/backend/internal/utils/convert.go:40.2,40.27 1 2
github.com/school-crm/backend/internal/utils/email.go:19.55,24.2 1 0
github.com/school-crm/backend/internal/utils/email.go:27.59,64.2 3 0
github.com/school-crm/backend/internal/utils/email.go:67.87,104.2 3 0
github.com/school-crm/backend/internal/utils/email.go:107.66,108.21 1 0
github.com/school-crm/backend/internal/utils/email.go:108.21,110.3 1 0
github.com/school-crm/backend/internal/utils/email.go:113.2,121.16 3 0
github.com/school-crm/backend/internal/utils/email.go:121.16,124.3 2 0
github.com/school-crm/backend/internal/utils/email.go:127.2,128.16 2 0
github.com/school-crm/backend/internal/utils/email.go:128.16,131.3 2 0
github.com/school-crm/backend/internal/utils/email.go:134.2,141.16 6 0
github.com/school-crm/backend/internal/utils/email.go:141.16,144.3 2 0
github.com/school-crm/backend/internal/utils/email.go:145.2,149.16 3 0
github.com/school-crm/backend/internal/utils/email.go:149.16,152.3 2 0
github.com/school-crm/backend/internal/utils/email.go:155.2,155.53 1 0
github.com/school-crm/backend/internal/utils/email.go:155.53,158.3 2 0
github.com/school-crm/backend/internal/utils/email.go:160.2,161.12 2 0
github.com/school-crm/backend/internal/utils/email.go:165.38,167.2 1 0
github.com/school-crm/backend/internal/utils/redis.go:18.60,20.16 2 0
github.com/school-crm/backend/internal/utils/redis.go:20.16,22.3 1 0
github.com/school-crm/backend/internal/utils/redis.go:24.2,29.47 4 0
github.com/school-crm/backend/internal/utils/redis.go:29.47,31.3 1 0
github.com/school-crm/backend/internal/utils/redis.go:33.2,34.42 2 0
github.com/school-crm/backend/internal/utils/redis.go:38.27,41.2 2 0
github.com/school-crm/backend/internal/utils/redis.go:44.77,47.2 2 0
github.com/school-crm/backend/internal/utils/redis.go:50.82,53.2 2 0
github.com/school-crm/backend/internal/utils/redis.go:56.75,59.2 2 0
github.com/school-crm/backend/internal/utils/redis.go:62.89,65.2 2 0
github.com/school-crm/backend/internal/utils/redis.go:68.92,71.2 2 0
github.com/school-crm/backend/internal/utils/redis.go:74.85,77.2 2 0
github.com/school-crm/backend/internal/utils/redis.go:80.50,82.2 1 0
github.com/school-crm/backend/internal/utils/redis.go:85.38,87.2 1 0
github.com/school-crm/backend/internal/middleware/audit.go:19.51,22.21 2 0
github.com/school-crm/backend/internal/middleware/audit.go:22.21,25.3 1 0
github.com/school-crm/backend/internal/middleware/audit.go:28.2,42.40 4 0
github.com/school-crm/backend/internal/middleware/audit.go:42.40,44.3 1 0
github.com/school-crm/backend/internal/middleware/audit.go:45.2,45.18 1 0
github.com/school-crm/backend/internal/middleware/audit.go:50.46,52.23 2 0
github.com/school-crm/backend/internal/middleware/audit.go:52.23,54.3 1 0
github.com/school-crm/backend/internal/middleware/audit.go:55.2,55.32 1 0
github.com/school-crm/backend/internal/middleware/audit.go:64.60,67.2 2 0
github.com/school-crm/backend/internal/middleware/audit.go:72.61,73.30 1 0
github.com/school-crm/backend/internal/middleware/audit.go:73.30,75.65 2 0
github.com/school-crm/backend/internal/middleware/audit.go:75.65,78.4 2 0
github.com/school-crm/backend/internal/middleware/audit.go:80.3,82.10 3 0
github.com/school-crm/backend/internal/middleware/audit.go:82.10,85.4 2 0
github.com/school-crm/backend/internal/middleware/audit.go:88.3,89.23 2 0
github.com/school-crm/backend/internal/middleware/audit.go:89.23,92.4 2 0
github.com/school-crm/backend/internal/middleware/audit.go:94.3,97.35 3 0
github.com/school-crm/backend/internal/middleware/audit.go:97.35,99.4 1 0
github.com/school-crm/backend/internal/middleware/audit.go:102.3,103.17 2 0
github.com/school-crm/backend/internal/middleware/audit.go:104.15,105.21 1 0
github.com/school-crm/backend/internal/middleware/audit.go:106.23,107.21 1 0
github.com/school-crm/backend/internal/middleware/audit.go:108.17,109.21 1 0
github.com/school-crm/backend/internal/middleware/audit.go:110.11,111.10 1 0
github.com/school-crm/backend/internal/middleware/audit.go:115.3,116.37 2 0
github.com/school-crm/backend/internal/middleware/audit.go:116.37,119.66 2 0
github.com/school-crm/backend/internal/middleware/audit.go:119.66,120.46 1 0
github.com/school-crm/backend/internal/middleware/audit.go:120.46,121.71 1 0
github.com/school-crm/backend/internal/middleware/audit.go:121.71,123.12 2 0
github.com/school-crm/backend/internal/middleware/audit.go:130.3,138.23 7 0
github.com/school-crm/backend/internal/middleware/audit.go:138.23,140.4 1 0
github.com/school-crm/backend/internal/middleware/audit.go:143.3,143.13 1 0
github.com/school-crm/backend/internal/middleware/audit.go:143.13,145.23 2 0
github.com/school-crm/backend/internal/middleware/audit.go:145.23,147.5 1 0
github.com/school-crm/backend/internal/middleware/audit.go:148.4,148.25 1 0
github.com/school-crm/backend/internal/middleware/audit.go:148.25,150.5 1 0
github.com/school-crm/backend/internal/middleware/audit.go:151.4,152.24 2 0
github.com/school-crm/backend/internal/middleware/audit.go:152.24,154.5 1 0
github.com/school-crm/backend/internal/middleware/audit.go:155.4,160.18 2 0
github.com/school-crm/backend/internal/middleware/audit.go:160.18,162.5 1 0
github.com/school-crm/backend/internal/middleware/auth.go:17.55,18.30 1 7
github.com/school-crm/backend/internal/middleware/auth.go:18.30,20.23 2 7
github.com/school-crm/backend/internal/middleware/auth.go:20.23,24.4 3 1
github.com/school-crm/backend/internal/middleware/auth.go:26.3,27.46 2 6
github.com/school-crm/backend/internal/middleware/auth.go:27.46,31.4 3 1
github.com/school-crm/backend/internal/middleware/auth.go:33.3,36.102 3 5
github.com/school-crm/backend/internal/middleware/auth.go:36.102,38.4 1 4
github.com/school-crm/backend/internal/middleware/auth.go:40.3,40.33 1 5
github.com/school-crm/backend/internal/middleware/auth.go:40.33,44.4 3 3
github.com/school-crm/backend/internal/middleware/auth.go:46.3,51.21 4 2
github.com/school-crm/backend/internal/middleware/auth.go:51.21,53.4 1 1
github.com/school-crm/backend/internal/middleware/auth.go:55.3,55.11 1 2
github.com/school-crm/backend/internal/middleware/auth.go:59.48,61.13 2 2
github.com/school-crm/backend/internal/middleware/auth.go:61.13,63.3 1 1
github.com/school-crm/backend/internal/middleware/auth.go:65.2,66.9 2 1
github.com/school-crm/backend/internal/middleware/auth.go:66.9,68.3 1 0
github.com/school-crm/backend/internal/middleware/auth.go:70.2,70.16 1 1
github.com/school-crm/backend/internal/middleware/branch_access.go:28.73,30.2 1 2
github.com/school-crm/backend/internal/middleware/branch_access.go:34.69,37.2 2 4
github.com/school-crm/backend/internal/middleware/branch_access.go:40.53,42.13 2 2
github.com/school-crm/backend/internal/middleware/branch_access.go:42.13,44.3 1 1
github.com/school-crm/backend/internal/middleware/branch_access.go:45.2,46.15 2 1
github.com/school-crm/backend/internal/middleware/branch_access.go:65.75,66.30 1 0
github.com/school-crm/backend/internal/middleware/branch_access.go:66.30,68.21 2 0
github.com/school-crm/backend/internal/middleware/branch_access.go:68.21,73.4 2 0
github.com/school-crm/backend/internal/middleware/branch_access.go:75.3,76.17 2 0
github.com/school-crm/backend/internal/middleware/branch_access.go:76.17,80.4 3 0
github.com/school-crm/backend/internal/middleware/branch_access.go:82.3,83.17 2 0
github.com/school-crm/backend/internal/middleware/branch_access.go:83.17,89.4 4 0
github.com/school-crm/backend/internal/middleware/branch_access.go:90.3,90.10 1 0
github.com/school-crm/backend/internal/middleware/branch_access.go:90.10,95.4 4 0
github.com/school-crm/backend/internal/middleware/branch_access.go:97.3,107.11 5 0
github.com/school-crm/backend/internal/middleware/cors.go:7.39,8.30 1 0
github.com/school-crm/backend/internal/middleware/cors.go:8.30,10.19 2 0
github.com/school-crm/backend/internal/middleware/cors.go:10.19,12.4 1 0
github.com/school-crm/backend/internal/middleware/cors.go:12.9,14.4 1 0
github.com/school-crm/backend/internal/middleware/cors.go:15.3,22.36 7 0
github.com/school-crm/backend/internal/middleware/cors.go:22.36,25.4 2 0
github.com/school-crm/backend/internal/middleware/cors.go:27.3,27.11 1 0
github.com/school-crm/backend/internal/middleware/dev_auth.go:13.58,14.30 1 0
github.com/school-crm/backend/internal/middleware/dev_auth.go:14.30,16.23 2 0
github.com/school-crm/backend/internal/middleware/dev_auth.go:16.23,20.4 3 0
github.com/school-crm/backend/internal/middleware/dev_auth.go:22.3,23.46 2 0
github.com/school-crm/backend/internal/middleware/dev_auth.go:23.46,27.4 3 0
github.com/school-crm/backend/internal/middleware/dev_auth.go:29.3,29.77 1 0
github.com/school-crm/backend/internal/middleware/dev_auth.go:29.77,31.4 1 0
github.com/school-crm/backend/internal/middleware/dev_auth.go:32.3,32.33 1 0
github.com/school-crm/backend/internal/middleware/dev_auth.go:32.33,36.4 3 0
github.com/school-crm/backend/internal/middleware/dev_auth.go:38.3,39.10 2 0
github.com/school-crm/backend/internal/middleware/dev_auth.go:39.10,43.4 3 0
github.com/school-crm/backend/internal/middleware/dev_auth.go:45.3,46.31 2 0
github.com/school-crm/backend/internal/middleware/dev_auth.go:46.31,50.4 3 0
github.com/school-crm/backend/internal/middleware/dev_auth.go:52.3,53.24 2 0
github.com/school-crm/backend/internal/middleware/dev_auth.go:53.24,57.4 3 0
github.com/school-crm/backend/internal/middleware/dev_auth.go:59.3,60.11 2 0
github.com/school-crm/backend/internal/middleware/error.go:9.38,10.30 1 0
github.com/school-crm/backend/internal/middleware/error.go:10.30,13.24 2 0
github.com/school-crm/backend/internal/middleware/error.go:13.24,14.33 1 0
github.com/school-crm/backend/internal/middleware/error.go:14.33,15.21 1 0
github.com/school-crm/backend/internal/middleware/error.go:16.28,17.64 1 0
github.com/school-crm/backend/internal/middleware/error.go:18.30,19.73 1 0
github.com/school-crm/backend/internal/middleware/logger.go:16.41,19.25 3 0
github.com/school-crm/backend/internal/middleware/logger.go:19.25,21.3 1 0
github.com/school-crm/backend/internal/middleware/logger.go:21.8,23.3 1 0
github.com/school-crm/backend/internal/middleware/logger.go:24.2,24.26 1 0
github.com/school-crm/backend/internal/middleware/logger.go:31.60,32.30 1 0
github.com/school-crm/backend/internal/middleware/logger.go:32.30,38.49 4 0
github.com/school-crm/backend/internal/middleware/logger.go:38.49,41.4 2 0
github.com/school-crm/backend/internal/middleware/logger.go:43.3,52.18 8 0
github.com/school-crm/backend/internal/middleware/logger.go:52.18,54.4 1 0
github.com/school-crm/backend/internal/middleware/logger.go:56.3,67.10 2 0
github.com/school-crm/backend/internal/middleware/logger.go:68.22,70.20 2 0
github.com/school-crm/backend/internal/middleware/logger.go:70.20,72.5 1 0
github.com/school-crm/backend/internal/middleware/logger.go:73.4,78.5 1 0
github.com/school-crm/backend/internal/middleware/logger.go:79.39,80.41 1 0
github.com/school-crm/backend/internal/middleware/logger.go:81.22,82.41 1 0
github.com/school-crm/backend/internal/middleware/logger.go:83.11,84.36 1 0
github.com/school-crm/backend/internal/middleware/logger.go:89.29,90.14 1 0
github.com/school-crm/backend/internal/middleware/logger.go:90.14,92.3 1 0
github.com/school-crm/backend/internal/middleware/logger.go:93.2,93.29 1 0
github.com/school-crm/backend/internal/middleware/logger.go:93.29,95.3 1 0
github.com/school-crm/backend/internal/middleware/logger.go:96.2,96.11 1 0
github.com/school-crm/backend/internal/middleware/permission.go:13.101,14.30 1 0
github.com/school-crm/backend/internal/middleware/permission.go:14.30,16.17 2 0
github.com/school-crm/backend/internal/middleware/permission.go:16.17,21.4 4 0
github.com/school-crm/backend/internal/middleware/permission.go:23.3,24.17 2 0
github.com/school-crm/backend/internal/middleware/permission.go:24.17,29.4 4 0
github.com/school-crm/backend/internal/middleware/permission.go:31.3,31.18 1 0
github.com/school-crm/backend/internal/middleware/permission.go:31.18,36.4 4 0
github.com/school-crm/backend/internal/middleware/permission.go:38.3,41.36 2 0
github.com/school-crm/backend/internal/middleware/permission.go:41.36,45.4 3 0
github.com/school-crm/backend/internal/middleware/permission.go:48.3,48.42 1 0
github.com/school-crm/backend/internal/middleware/permission.go:48.42,52.4 3 0
github.com/school-crm/backend/internal/middleware/permission.go:55.3,55.30 1 0
github.com/school-crm/backend/internal/middleware/permission.go:55.30,59.18 4 0
github.com/school-crm/backend/internal/middleware/permission.go:59.18,63.5 2 0
github.com/school-crm/backend/internal/middleware/permission.go:63.10,66.5 2 0
github.com/school-crm/backend/internal/middleware/permission.go:70.3,70.30 1 0
github.com/school-crm/backend/internal/middleware/permission.go:70.30,73.4 2 0
github.com/school-crm/backend/internal/middleware/permission.go:76.3,79.21 3 0
github.com/school-crm/backend/internal/middleware/permission.go:79.21,84.4 4 0
github.com/school-crm/backend/internal/middleware/permission.go:86.3,87.11 2 0
github.com/school-crm/backend/internal/middleware/permission.go:92.72,93.18 1 0
github.com/school-crm/backend/internal/middleware/permission.go:93.18,95.3 1 0
github.com/school-crm/backend/internal/middleware/permission.go:97.2,97.20 1 0
github.com/school-crm/backend/internal/middleware/permission.go:98.25,99.31 1 0
github.com/school-crm/backend/internal/middleware/permission.go:100.27,101.33 1 0
github.com/school-crm/backend/internal/middleware/permission.go:102.25,103.31 1 0
github.com/school-crm/backend/internal/middleware/permission.go:104.27,105.33 1 0
github.com/school-crm/backend/internal/middleware/permission.go:106.25,107.31 1 0
github.com/school-crm/backend/internal/middleware/permission.go:108.27,109.33 1 0
github.com/school-crm/backend/internal/middleware/permission.go:110.25,111.31 1 0
github.com/school-crm/backend/internal/middleware/permission.go:112.27,113.33 1 0
github.com/school-crm/backend/internal/middleware/permission.go:114.24,115.30 1 0
github.com/school-crm/backend/internal/middleware/permission.go:116.26,117.32 1 0
github.com/school-crm/backend/internal/middleware/permission.go:118.24,119.30 1 0
github.com/school-crm/backend/internal/middleware/permission.go:120.26,121.32 1 0
github.com/school-crm/backend/internal/middleware/permission.go:122.25,123.31 1 0
github.com/school-crm/backend/internal/middleware/permission.go:124.27,125.33 1 0
github.com/school-crm/backend/internal/middleware/permission.go:126.25,127.31 1 0
github.com/school-crm/backend/internal/middleware/permission.go:128.25,129.31 1 0
github.com/school-crm/backend/internal/middleware/permission.go:130.27,131.33 1 0
github.com/school-crm/backend/internal/middleware/permission.go:132.25,133.31 1 0
github.com/school-crm/backend/internal/middleware/permission.go:134.25,135.31 1 0
github.com/school-crm/backend/internal/middleware/permission.go:136.27,137.33 1 0
github.com/school-crm/backend/internal/middleware/permission.go:138.25,139.31 1 0
github.com/school-crm/backend/internal/middleware/permission.go:140.27,141.33 1 0
github.com/school-crm/backend/internal/middleware/permission.go:142.24,143.30 1 0
github.com/school-crm/backend/internal/middleware/permission.go:144.25,145.31 1 0
github.com/school-crm/backend/internal/middleware/permission.go:146.25,147.31 1 0
github.com/school-crm/backend/internal/middleware/permission.go:148.10,149.15 1 0
github.com/school-crm/backend/internal/middleware/permission.go:154.102,155.30 1 0
github.com/school-crm/backend/internal/middleware/permission.go:155.30,157.17 2 0
github.com/school-crm/backend/internal/middleware/permission.go:157.17,162.4 4 0
github.com/school-crm/backend/internal/middleware/permission.go:164.3,165.32 2 0
github.com/school-crm/backend/internal/middleware/permission.go:165.32,170.4 4 0
github.com/school-crm/backend/internal/middleware/permission.go:173.3,174.38 2 0
github.com/school-crm/backend/internal/middleware/permission.go:174.38,175.25 1 0
github.com/school-crm/backend/internal/middleware/permission.go:175.25,177.10 2 0
github.com/school-crm/backend/internal/middleware/permission.go:181.3,181.15 1 0
github.com/school-crm/backend/internal/middleware/permission.go:181.15,186.4 4 0
github.com/school-crm/backend/internal/middleware/permission.go:188.3,189.11 2 0
github.com/school-crm/backend/internal/middleware/permission.go:194.93,196.16 2 0
github.com/school-crm/backend/internal/middleware/permission.go:196.16,198.3 1 0
github.com/school-crm/backend/internal/middleware/permission.go:199.2,200.31 2 0
github.com/school-crm/backend/internal/middleware/permission.go:200.31,202.3 1 0
github.com/school-crm/backend/internal/middleware/permission.go:203.2,203.23 1 0
github.com/school-crm/backend/internal/middleware/permission.go:210.75,211.14 1 10
github.com/school-crm/backend/internal/middleware/permission.go:212.24,239.4 1 3
github.com/school-crm/backend/internal/middleware/permission.go:240.50,267.4 1 2
github.com/school-crm/backend/internal/middleware/permission.go:268.29,295.4 1 1
github.com/school-crm/backend/internal/middleware/permission.go:296.10,298.30 1 4
github.com/school-crm/backend/internal/middleware/ratelimit.go:21.53,23.2 1 0
github.com/school-crm/backend/internal/middleware/ratelimit.go:27.115,35.16 7 0
github.com/school-crm/backend/internal/middleware/ratelimit.go:35.16,38.3 1 0
github.com/school-crm/backend/internal/middleware/ratelimit.go:40.2,41.44 2 0
github.com/school-crm/backend/internal/middleware/ratelimit.go:45.50,49.2 3 0
github.com/school-crm/backend/internal/middleware/ratelimit.go:53.78,54.30 1 0
github.com/school-crm/backend/internal/middleware/ratelimit.go:54.30,62.15 6 0
github.com/school-crm/backend/internal/middleware/ratelimit.go:62.15,71.4 4 0
github.com/school-crm/backend/internal/middleware/ratelimit.go:72.3,72.11 1 0
github.com/school-crm/backend/internal/middleware/ratelimit.go:79.80,80.30 1 0
github.com/school-crm/backend/internal/middleware/ratelimit.go:80.30,82.49 2 0
github.com/school-crm/backend/internal/middleware/ratelimit.go:82.49,83.51 1 0
github.com/school-crm/backend/internal/middleware/ratelimit.go:83.51,85.5 1 0
github.com/school-crm/backend/internal/middleware/ratelimit.go:88.3,94.15 5 0
github.com/school-crm/backend/internal/middleware/ratelimit.go:94.15,103.4 4 0
github.com/school-crm/backend/internal/middleware/ratelimit.go:104.3,104.11 1 0
github.com/school-crm/backend/internal/middleware/requestid.go:17.34,18.30 1 3
github.com/school-crm/backend/internal/middleware/requestid.go:18.30,21.16 2 4
github.com/school-crm/backend/internal/middleware/requestid.go:21.16,23.4 1 3
github.com/school-crm/backend/internal/middleware/requestid.go:25.3,30.11 4 4
github.com/school-crm/backend/internal/middleware/requestid.go:35.47,36.51 1 2
github.com/school-crm/backend/internal/middleware/requestid.go:36.51,38.3 1 1
github.com/school-crm/backend/internal/middleware/requestid.go:39.2,39.11 1 1
github.com/school-crm/backend/internal/middleware/subscription.go:28.106,29.30 1 0
github.com/school-crm/backend/internal/middleware/subscription.go:29.30,31.17 2 0
github.com/school-crm/backend/internal/middleware/subscription.go:31.17,35.4 3 0
github.com/school-crm/backend/internal/middleware/subscription.go:37.3,38.32 2 0
github.com/school-crm/backend/internal/middleware/subscription.go:38.32,42.4 3 0
github.com/school-crm/backend/internal/middleware/subscription.go:46.3,47.36 2 0
github.com/school-crm/backend/internal/middleware/subscription.go:47.36,49.35 2 0
github.com/school-crm/backend/internal/middleware/subscription.go:49.35,51.5 1 0
github.com/school-crm/backend/internal/middleware/subscription.go:54.3,55.17 2 0
github.com/school-crm/backend/internal/middleware/subscription.go:55.17,60.4 3 0
github.com/school-crm/backend/internal/middleware/subscription.go:62.3,62.14 1 0
github.com/school-crm/backend/internal/middleware/subscription.go:62.14,69.4 3 0
github.com/school-crm/backend/internal/middleware/subscription.go:71.3,71.11 1 0
github.com/school-crm/backend/internal/middleware/subscription.go:78.113,80.2 1 0
github.com/school-crm/backend/internal/middleware/timeout.go:16.60,17.30 1 0
github.com/school-crm/backend/internal/middleware/timeout.go:17.30,22.3 4 0
github.com/school-crm/backend/internal/service/assignment_service.go:17.69,19.2 1 0
github.com/school-crm/backend/internal/service/assignment_service.go:21.118,34.19 3 0
github.com/school-crm/backend/internal/service/assignment_service.go:34.19,37.3 2 0
github.com/school-crm/backend/internal/service/assignment_service.go:38.2,41.16 3 0
github.com/school-crm/backend/internal/service/assignment_service.go:41.16,43.3 1 0
github.com/school-crm/backend/internal/service/assignment_service.go:44.2,47.18 3 0
github.com/school-crm/backend/internal/service/assignment_service.go:47.18,53.17 2 0
github.com/school-crm/backend/internal/service/assignment_service.go:53.17,55.4 1 0
github.com/school-crm/backend/internal/service/assignment_service.go:56.3,56.25 1 0
github.com/school-crm/backend/internal/service/assignment_service.go:58.2,58.17 1 0
github.com/school-crm/backend/internal/service/assignment_service.go:58.17,60.3 1 0
github.com/school-crm/backend/internal/service/assignment_service.go:61.2,61.25 1 0
github.com/school-crm/backend/internal/service/assignment_service.go:64.142,76.16 5 0
github.com/school-crm/backend/internal/service/assignment_service.go:76.16,78.3 1 0
github.com/school-crm/backend/internal/service/assignment_service.go:81.2,88.16 2 0
github.com/school-crm/backend/internal/service/assignment_service.go:88.16,90.3 1 0
github.com/school-crm/backend/internal/service/assignment_service.go:91.2,91.16 1 0
github.com/school-crm/backend/internal/service/assignment_service.go:94.84,97.16 2 0
github.com/school-crm/backend/internal/service/assignment_service.go:97.16,99.3 1 0
github.com/school-crm/backend/internal/service/assignment_service.go:100.2,101.12 2 0
github.com/school-crm/backend/internal/service/assignment_service.go:101.12,103.3 1 0
github.com/school-crm/backend/internal/service/assignment_service.go:104.2,104.12 1 0
github.com/school-crm/backend/internal/service/assignment_service.go:107.125,117.16 2 0
github.com/school-crm/backend/internal/service/assignment_service.go:117.16,119.3 1 0
github.com/school-crm/backend/internal/service/assignment_service.go:120.2,123.18 3 0
github.com/school-crm/backend/internal/service/assignment_service.go:123.18,129.17 2 0
github.com/school-crm/backend/internal/service/assignment_service.go:129.17,131.4 1 0
github.com/school-crm/backend/internal/service/assignment_service.go:132.3,132.27 1 0
github.com/school-crm/backend/internal/service/assignment_service.go:134.2,134.17 1 0
github.com/school-crm/backend/internal/service/assignment_service.go:134.17,136.3 1 0
github.com/school-crm/backend/internal/service/assignment_service.go:137.2,137.25 1 0
github.com/school-crm/backend/internal/service/assignment_service.go:140.182,144.22 3 0
github.com/school-crm/backend/internal/service/assignment_service.go:144.22,146.3 1 0
github.com/school-crm/backend/internal/service/assignment_service.go:148.2,149.55 2 0
github.com/school-crm/backend/internal/service/assignment_service.go:149.55,151.3 1 0
github.com/school-crm/backend/internal/service/assignment_service.go:153.2,166.16 3 0
github.com/school-crm/backend/internal/service/assignment_service.go:166.16,168.3 1 0
github.com/school-crm/backend/internal/service/assignment_service.go:169.2,169.18 1 0
github.com/school-crm/backend/internal/service/assignment_service.go:173.136,183.16 2 0
github.com/school-crm/backend/internal/service/assignment_service.go:183.16,185.3 1 0
github.com/school-crm/backend/internal/service/assignment_service.go:186.2,189.18 3 0
github.com/school-crm/backend/internal/service/assignment_service.go:189.18,195.17 2 0
github.com/school-crm/backend/internal/service/assignment_service.go:195.17,197.4 1 0
github.com/school-crm/backend/internal/service/assignment_service.go:198.3,198.27 1 0
github.com/school-crm/backend/internal/service/assignment_service.go:200.2,200.17 1 0
github.com/school-crm/backend/internal/service/assignment_service.go:200.17,202.3 1 0
github.com/school-crm/backend/internal/service/assignment_service.go:203.2,203.25 1 0
github.com/school-crm/backend/internal/service/attendance_service.go:17.69,19.2 1 0
github.com/school-crm/backend/internal/service/attendance_service.go:23.137,25.16 2 0
github.com/school-crm/backend/internal/service/attendance_service.go:25.16,27.3 1 0
github.com/school-crm/backend/internal/service/attendance_service.go:28.2,28.15 1 0
github.com/school-crm/backend/internal/service/attendance_service.go:28.15,28.36 1 0
github.com/school-crm/backend/internal/service/attendance_service.go:30.2,33.34 3 0
github.com/school-crm/backend/internal/service/attendance_service.go:33.34,50.17 4 0
github.com/school-crm/backend/internal/service/attendance_service.go:50.17,52.4 1 0
github.com/school-crm/backend/internal/service/attendance_service.go:53.3,53.29 1 0
github.com/school-crm/backend/internal/service/attendance_service.go:56.2,56.36 1 0
github.com/school-crm/backend/internal/service/attendance_service.go:56.36,58.3 1 0
github.com/school-crm/backend/internal/service/attendance_service.go:59.2,59.20 1 0
github.com/school-crm/backend/internal/service/attendance_service.go:64.119,75.16 2 0
github.com/school-crm/backend/internal/service/attendance_service.go:75.16,77.3 1 0
github.com/school-crm/backend/internal/service/attendance_service.go:78.2,81.18 3 0
github.com/school-crm/backend/internal/service/attendance_service.go:81.18,87.17 2 0
github.com/school-crm/backend/internal/service/attendance_service.go:87.17,89.4 1 0
github.com/school-crm/backend/internal/service/attendance_service.go:90.3,90.31 1 0
github.com/school-crm/backend/internal/service/attendance_service.go:92.2,92.28 1 0
github.com/school-crm/backend/internal/service/attendance_service.go:96.153,113.16 2 0
github.com/school-crm/backend/internal/service/attendance_service.go:113.16,115.3 1 0
github.com/school-crm/backend/internal/service/attendance_service.go:116.2,119.18 3 0
github.com/school-crm/backend/internal/service/attendance_service.go:119.18,121.107 2 0
github.com/school-crm/backend/internal/service/attendance_service.go:121.107,123.4 1 0
github.com/school-crm/backend/internal/service/attendance_service.go:124.3,124.18 1 0
github.com/school-crm/backend/internal/service/attendance_service.go:124.18,126.4 1 0
github.com/school-crm/backend/internal/service/attendance_service.go:127.3,127.35 1 0
github.com/school-crm/backend/internal/service/attendance_service.go:129.2,129.30 1 0
github.com/school-crm/backend/internal/service/attendance_service.go:134.127,144.14 3 0
github.com/school-crm/backend/internal/service/attendance_service.go:144.14,147.3 2 0
github.com/school-crm/backend/internal/service/attendance_service.go:148.2,148.15 1 0
github.com/school-crm/backend/internal/service/attendance_service.go:148.15,151.3 2 0
github.com/school-crm/backend/internal/service/attendance_service.go:152.2,155.16 3 0
github.com/school-crm/backend/internal/service/attendance_service.go:155.16,157.3 1 0
github.com/school-crm/backend/internal/service/attendance_service.go:158.2,161.18 3 0
github.com/school-crm/backend/internal/service/attendance_service.go:161.18,167.17 2 0
github.com/school-crm/backend/internal/service/attendance_service.go:167.17,169.4 1 0
github.com/school-crm/backend/internal/service/attendance_service.go:170.3,170.31 1 0
github.com/school-crm/backend/internal/service/attendance_service.go:172.2,172.20 1 0
github.com/school-crm/backend/internal/service/attendance_service.go:172.20,174.3 1 0
github.com/school-crm/backend/internal/service/attendance_service.go:175.2,175.28 1 0
github.com/school-crm/backend/internal/service/attendance_service.go:180.133,207.16 3 0
github.com/school-crm/backend/internal/service/attendance_service.go:207.16,209.3 1 0
github.com/school-crm/backend/internal/service/attendance_service.go:210.2,213.18 3 0
github.com/school-crm/backend/internal/service/attendance_service.go:213.18,215.76 2 0
github.com/school-crm/backend/internal/service/attendance_service.go:215.76,217.4 1 0
github.com/school-crm/backend/internal/service/attendance_service.go:218.3,218.29 1 0
github.com/school-crm/backend/internal/service/attendance_service.go:220.2,220.27 1 0
github.com/school-crm/backend/internal/service/branch_service.go:22.90,24.2 1 0
github.com/school-crm/backend/internal/service/branch_service.go:38.103,40.42 1 0
github.com/school-crm/backend/internal/service/branch_service.go:40.42,41.93 1 0
github.com/school-crm/backend/internal/service/branch_service.go:41.93,43.4 1 0
github.com/school-crm/backend/internal/service/branch_service.go:46.2,65.16 6 0
github.com/school-crm/backend/internal/service/branch_service.go:65.16,67.3 1 0
github.com/school-crm/backend/internal/service/branch_service.go:70.2,72.16 3 0
github.com/school-crm/backend/internal/service/branch_service.go:72.16,75.3 1 0
github.com/school-crm/backend/internal/service/branch_service.go:75.8,80.17 2 0
github.com/school-crm/backend/internal/service/branch_service.go:80.17,82.4 1 0
github.com/school-crm/backend/internal/service/branch_service.go:83.3,84.48 2 0
github.com/school-crm/backend/internal/service/branch_service.go:87.2,87.20 1 0
github.com/school-crm/backend/internal/service/branch_service.go:90.89,98.26 4 0
github.com/school-crm/backend/internal/service/branch_service.go:98.26,100.3 1 0
github.com/school-crm/backend/internal/service/branch_service.go:103.2,103.43 1 0
github.com/school-crm/backend/internal/service/branch_service.go:103.43,106.17 3 0
github.com/school-crm/backend/internal/service/branch_service.go:106.17,108.4 1 0
github.com/school-crm/backend/internal/service/branch_service.go:111.2,111.20 1 0
github.com/school-crm/backend/internal/service/branch_service.go:114.78,118.16 3 0
github.com/school-crm/backend/internal/service/branch_service.go:118.16,120.3 1 0
github.com/school-crm/backend/internal/service/branch_service.go:121.2,124.18 3 0
github.com/school-crm/backend/internal/service/branch_service.go:124.18,126.223 2 0
github.com/school-crm/backend/internal/service/branch_service.go:126.223,128.4 1 0
github.com/school-crm/backend/internal/service/branch_service.go:131.3,131.44 1 0
github.com/school-crm/backend/internal/service/branch_service.go:131.44,134.18 3 0
github.com/school-crm/backend/internal/service/branch_service.go:134.18,136.5 1 0
github.com/school-crm/backend/internal/service/branch_service.go:139.3,139.38 1 0
github.com/school-crm/backend/internal/service/branch_service.go:142.2,142.29 1 0
github.com/school-crm/backend/internal/service/branch_service.go:145.100,149.16 3 0
github.com/school-crm/backend/internal/service/branch_service.go:149.16,151.3 1 0
github.com/school-crm/backend/internal/service/branch_service.go:152.2,155.18 3 0
github.com/school-crm/backend/internal/service/branch_service.go:155.18,157.223 2 0
github.com/school-crm/backend/internal/service/branch_service.go:157.223,159.4 1 0
github.com/school-crm/backend/internal/service/branch_service.go:161.3,161.44 1 0
github.com/school-crm/backend/internal/service/branch_service.go:161.44,164.18 3 0
github.com/school-crm/backend/internal/service/branch_service.go:164.18,166.5 1 0
github.com/school-crm/backend/internal/service/branch_service.go:169.3,169.38 1 0
github.com/school-crm/backend/internal/service/branch_service.go:172.2,172.29 1 0
github.com/school-crm/backend/internal/service/branch_service.go:175.120,186.34 7 0
github.com/school-crm/backend/internal/service/branch_service.go:186.34,187.19 1 0
github.com/school-crm/backend/internal/service/branch_service.go:187.19,189.4 1 0
github.com/school-crm/backend/internal/service/branch_service.go:190.3,192.13 3 0
github.com/school-crm/backend/internal/service/branch_service.go:195.2,199.16 4 0
github.com/school-crm/backend/internal/service/branch_service.go:199.16,201.3 1 0
github.com/school-crm/backend/internal/service/branch_service.go:204.2,204.58 1 0
github.com/school-crm/backend/internal/service/branch_service.go:204.58,207.17 3 0
github.com/school-crm/backend/internal/service/branch_service.go:207.17,209.4 1 0
github.com/school-crm/backend/internal/service/branch_service.go:212.2,212.27 1 0
github.com/school-crm/backend/internal/service/branch_service.go:215.70,219.2 3 0
github.com/school-crm/backend/internal/service/branch_service.go:222.93,225.16 2 0
github.com/school-crm/backend/internal/service/branch_service.go:225.16,227.3 1 0
github.com/school-crm/backend/internal/service/branch_service.go:230.2,230.43 1 0
github.com/school-crm/backend/internal/service/branch_service.go:230.43,232.3 1 0
github.com/school-crm/backend/internal/service/branch_service.go:234.2,236.16 3 0
github.com/school-crm/backend/internal/service/branch_service.go:236.16,238.3 1 0
github.com/school-crm/backend/internal/service/branch_service.go:240.2,240.27 1 0
github.com/school-crm/backend/internal/service/branch_service.go:244.94,246.16 2 0
github.com/school-crm/backend/internal/service/branch_service.go:246.16,248.3 1 0
github.com/school-crm/backend/internal/service/branch_service.go:250.2,250.41 1 0
github.com/school-crm/backend/internal/service/branch_service.go:250.41,252.3 1 0
github.com/school-crm/backend/internal/service/branch_service.go:254.2,255.57 2 0
github.com/school-crm/backend/internal/service/budget_service.go:16.61,18.2 1 0
github.com/school-crm/backend/internal/service/budget_service.go:51.101,63.16 4 0
github.com/school-crm/backend/internal/service/budget_service.go:63.16,65.3 1 0
github.com/school-crm/backend/internal/service/budget_service.go:66.2,66.20 1 0
github.com/school-crm/backend/internal/service/budget_service.go:70.120,88.16 2 0
github.com/school-crm/backend/internal/service/budget_service.go:88.16,90.3 1 0
github.com/school-crm/backend/internal/service/budget_service.go:91.2,94.18 3 0
github.com/school-crm/backend/internal/service/budget_service.go:94.18,99.17 2 0
github.com/school-crm/backend/internal/service/budget_service.go:99.17,101.4 1 0
github.com/school-crm/backend/internal/service/budget_service.go:102.3,102.19 1 0
github.com/school-crm/backend/internal/service/budget_service.go:102.19,104.4 1 0
github.com/school-crm/backend/internal/service/budget_service.go:105.3,107.29 3 0
github.com/school-crm/backend/internal/service/budget_service.go:109.2,109.20 1 0
github.com/school-crm/backend/internal/service/budget_service.go:113.103,117.16 2 0
github.com/school-crm/backend/internal/service/budget_service.go:117.16,119.3 1 0
github.com/school-crm/backend/internal/service/budget_service.go:120.2,121.12 2 0
github.com/school-crm/backend/internal/service/budget_service.go:121.12,123.3 1 0
github.com/school-crm/backend/internal/service/budget_service.go:124.2,124.12 1 0
github.com/school-crm/backend/internal/service/class_service.go:24.59,26.2 1 0
github.com/school-crm/backend/internal/service/class_service.go:29.50,29.65 1 0
github.com/school-crm/backend/internal/service/class_service.go:39.100,44.16 4 0
github.com/school-crm/backend/internal/service/class_service.go:44.16,46.3 1 0
github.com/school-crm/backend/internal/service/class_service.go:47.2,47.15 1 0
github.com/school-crm/backend/internal/service/class_service.go:47.15,49.3 1 0
github.com/school-crm/backend/internal/service/class_service.go:51.2,64.34 4 0
github.com/school-crm/backend/internal/service/class_service.go:64.34,66.3 1 0
github.com/school-crm/backend/internal/service/class_service.go:68.2,68.19 1 0
github.com/school-crm/backend/internal/service/class_service.go:71.87,79.26 4 0
github.com/school-crm/backend/internal/service/class_service.go:79.26,81.3 1 0
github.com/school-crm/backend/internal/service/class_service.go:82.2,82.16 1 0
github.com/school-crm/backend/internal/service/class_service.go:82.16,84.3 1 0
github.com/school-crm/backend/internal/service/class_service.go:87.2,89.19 2 0
github.com/school-crm/backend/internal/service/class_service.go:92.100,93.20 1 0
github.com/school-crm/backend/internal/service/class_service.go:93.20,96.57 3 0
github.com/school-crm/backend/internal/service/class_service.go:96.57,98.4 1 0
github.com/school-crm/backend/internal/service/class_service.go:99.3,100.17 2 0
github.com/school-crm/backend/internal/service/class_service.go:100.17,102.4 1 0
github.com/school-crm/backend/internal/service/class_service.go:103.3,103.21 1 0
github.com/school-crm/backend/internal/service/class_service.go:105.2,105.41 1 0
github.com/school-crm/backend/internal/service/class_service.go:108.102,113.16 2 0
github.com/school-crm/backend/internal/service/class_service.go:113.16,115.3 1 0
github.com/school-crm/backend/internal/service/class_service.go:116.2,120.18 4 0
github.com/school-crm/backend/internal/service/class_service.go:120.18,122.130 2 0
github.com/school-crm/backend/internal/service/class_service.go:122.130,124.4 1 0
github.com/school-crm/backend/internal/service/class_service.go:125.3,126.40 2 0
github.com/school-crm/backend/internal/service/class_service.go:128.2,128.35 1 0
github.com/school-crm/backend/internal/service/class_service.go:128.35,130.3 1 0
github.com/school-crm/backend/internal/service/class_service.go:132.2,132.24 1 0
github.com/school-crm/backend/internal/service/class_service.go:132.24,134.3 1 0
github.com/school-crm/backend/internal/service/class_service.go:137.2,140.16 2 0
github.com/school-crm/backend/internal/service/class_service.go:140.16,142.3 1 0
github.com/school-crm/backend/internal/service/class_service.go:143.2,147.25 3 0
github.com/school-crm/backend/internal/service/class_service.go:147.25,149.64 2 0
github.com/school-crm/backend/internal/service/class_service.go:149.64,150.12 1 0
github.com/school-crm/backend/internal/service/class_service.go:152.3,152.63 1 0
github.com/school-crm/backend/internal/service/class_service.go:156.2,156.25 1 0
github.com/school-crm/backend/internal/service/class_service.go:156.25,158.3 1 0
github.com/school-crm/backend/internal/service/class_service.go:160.2,160.21 1 0
github.com/school-crm/backend/internal/service/class_service.go:163.118,166.16 2 0
github.com/school-crm/backend/internal/service/class_service.go:166.16,168.3 1 0
github.com/school-crm/backend/internal/service/class_service.go:171.2,171.48 1 0
github.com/school-crm/backend/internal/service/class_service.go:171.48,175.17 4 0
github.com/school-crm/backend/internal/service/class_service.go:175.17,177.4 1 0
github.com/school-crm/backend/internal/service/class_service.go:178.3,178.16 1 0
github.com/school-crm/backend/internal/service/class_service.go:178.16,180.4 1 0
github.com/school-crm/backend/internal/service/class_service.go:183.2,188.34 5 0
github.com/school-crm/backend/internal/service/class_service.go:188.34,189.19 1 0
github.com/school-crm/backend/internal/service/class_service.go:189.19,191.4 1 0
github.com/school-crm/backend/internal/service/class_service.go:192.3,194.13 3 0
github.com/school-crm/backend/internal/service/class_service.go:197.2,201.16 4 0
github.com/school-crm/backend/internal/service/class_service.go:201.16,203.3 1 0
github.com/school-crm/backend/internal/service/class_service.go:205.2,205.20 1 0
github.com/school-crm/backend/internal/service/class_service.go:205.20,207.3 1 0
github.com/school-crm/backend/internal/service/class_service.go:208.2,208.27 1 0
github.com/school-crm/backend/internal/service/class_service.go:211.69,217.52 5 0
github.com/school-crm/backend/internal/service/class_service.go:217.52,219.3 1 0
github.com/school-crm/backend/internal/service/class_service.go:220.2,220.12 1 0
github.com/school-crm/backend/internal/service/class_service.go:224.87,227.16 3 0
github.com/school-crm/backend/internal/service/class_service.go:227.16,229.3 1 0
github.com/school-crm/backend/internal/service/class_service.go:230.2,233.18 3 0
github.com/school-crm/backend/internal/service/class_service.go:233.18,235.47 2 0
github.com/school-crm/backend/internal/service/class_service.go:235.47,237.4 1 0
github.com/school-crm/backend/internal/service/class_service.go:238.3,238.45 1 0
github.com/school-crm/backend/internal/service/class_service.go:241.2,242.19 2 0
github.com/school-crm/backend/internal/service/clickuz_service.go:21.104,28.2 1 0
github.com/school-crm/backend/internal/service/clickuz_service.go:31.134,50.16 4 0
github.com/school-crm/backend/internal/service/clickuz_service.go:50.16,52.3 1 0
github.com/school-crm/backend/internal/service/clickuz_service.go:54.2,63.8 2 0
github.com/school-crm/backend/internal/service/clickuz_service.go:67.140,79.16 5 0
github.com/school-crm/backend/internal/service/clickuz_service.go:79.16,82.3 2 0
github.com/school-crm/backend/internal/service/clickuz_service.go:84.2,84.32 1 0
github.com/school-crm/backend/internal/service/clickuz_service.go:84.32,87.3 2 0
github.com/school-crm/backend/internal/service/clickuz_service.go:90.2,98.16 3 0
github.com/school-crm/backend/internal/service/clickuz_service.go:98.16,101.3 2 0
github.com/school-crm/backend/internal/service/clickuz_service.go:104.2,110.16 3 0
github.com/school-crm/backend/internal/service/clickuz_service.go:110.16,113.3 2 0
github.com/school-crm/backend/internal/service/clickuz_service.go:116.2,116.37 1 0
github.com/school-crm/backend/internal/service/clickuz_service.go:116.37,125.17 3 0
github.com/school-crm/backend/internal/service/clickuz_service.go:125.17,127.4 1 0
github.com/school-crm/backend/internal/service/clickuz_service.go:130.2,131.18 2 0
github.com/school-crm/backend/internal/service/clickuz_service.go:135.124,143.2 4 0
github.com/school-crm/backend/internal/service/clickuz_service.go:146.98,153.16 3 0
github.com/school-crm/backend/internal/service/clickuz_service.go:153.16,155.3 1 0
github.com/school-crm/backend/internal/service/clickuz_service.go:157.2,157.20 1 0
github.com/school-crm/backend/internal/service/clickuz_service.go:161.33,163.2 1 0
github.com/school-crm/backend/internal/service/developer_service.go:16.67,18.2 1 0
github.com/school-crm/backend/internal/service/developer_service.go:21.110,33.16 4 0
github.com/school-crm/backend/internal/service/developer_service.go:33.16,35.3 1 0
github.com/school-crm/backend/internal/service/developer_service.go:37.2,37.18 1 0
github.com/school-crm/backend/internal/service/developer_service.go:41.104,53.16 4 0
github.com/school-crm/backend/internal/service/developer_service.go:53.16,55.3 1 0
github.com/school-crm/backend/internal/service/developer_service.go:57.2,57.18 1 0
github.com/school-crm/backend/internal/service/developer_service.go:61.122,63.16 2 0
github.com/school-crm/backend/internal/service/developer_service.go:63.16,65.3 1 0
github.com/school-crm/backend/internal/service/developer_service.go:67.2,67.19 1 0
github.com/school-crm/backend/internal/service/developer_service.go:67.19,69.3 1 0
github.com/school-crm/backend/internal/service/developer_service.go:72.2,73.16 2 0
github.com/school-crm/backend/internal/service/developer_service.go:73.16,75.3 1 0
github.com/school-crm/backend/internal/service/developer_service.go:78.2,81.17 3 0
github.com/school-crm/backend/internal/service/developer_service.go:85.126,88.16 2 0
github.com/school-crm/backend/internal/service/developer_service.go:88.16,90.3 1 0
github.com/school-crm/backend/internal/service/developer_service.go:92.2,105.16 4 0
github.com/school-crm/backend/internal/service/developer_service.go:105.16,107.3 1 0
github.com/school-crm/backend/internal/service/developer_service.go:109.2,109.18 1 0
github.com/school-crm/backend/internal/service/developer_service.go:113.100,117.2 3 0
github.com/school-crm/backend/internal/service/developer_service.go:120.92,128.16 3 0
github.com/school-crm/backend/internal/service/developer_service.go:128.16,130.3 1 0
github.com/school-crm/backend/internal/service/developer_service.go:131.2,134.18 3 0
github.com/school-crm/backend/internal/service/developer_service.go:134.18,139.17 3 0
github.com/school-crm/backend/internal/service/developer_service.go:139.17,140.12 1 0
github.com/school-crm/backend/internal/service/developer_service.go:142.3,142.39 1 0
github.com/school-crm/backend/internal/service/developer_service.go:145.2,145.31 1 0
github.com/school-crm/backend/internal/service/developer_service.go:149.91,152.16 3 0
github.com/school-crm/backend/internal/service/developer_service.go:152.16,154.3 1 0
github.com/school-crm/backend/internal/service/developer_service.go:155.2,155.12 1 0
github.com/school-crm/backend/internal/service/developer_service.go:159.112,161.16 2 0
github.com/school-crm/backend/internal/service/developer_service.go:161.16,163.3 1 0
github.com/school-crm/backend/internal/service/developer_service.go:165.2,167.16 3 0
github.com/school-crm/backend/internal/service/developer_service.go:167.16,169.3 1 0
github.com/school-crm/backend/internal/service/developer_service.go:170.2,170.12 1 0
github.com/school-crm/backend/internal/service/expense_service.go:21.89,23.2 1 0
github.com/school-crm/backend/internal/service/expense_service.go:58.124,60.46 1 0
github.com/school-crm/backend/internal/service/expense_service.go:60.46,62.17 2 0
github.com/school-crm/backend/internal/service/expense_service.go:62.17,64.4 1 0
github.com/school-crm/backend/internal/service/expense_service.go:65.3,68.60 4 0
github.com/school-crm/backend/internal/service/expense_service.go:68.60,70.4 1 0
github.com/school-crm/backend/internal/service/expense_service.go:73.2,93.21 4 0
github.com/school-crm/backend/internal/service/expense_service.go:96.91,106.26 4 0
github.com/school-crm/backend/internal/service/expense_service.go:106.26,108.3 1 0
github.com/school-crm/backend/internal/service/expense_service.go:109.2,109.21 1 0
github.com/school-crm/backend/internal/service/expense_service.go:112.104,117.16 3 0
github.com/school-crm/backend/internal/service/expense_service.go:117.16,119.3 1 0
github.com/school-crm/backend/internal/service/expense_service.go:120.2,123.18 3 0
github.com/school-crm/backend/internal/service/expense_service.go:123.18,126.130 2 0
github.com/school-crm/backend/internal/service/expense_service.go:126.130,128.4 1 0
github.com/school-crm/backend/internal/service/expense_service.go:129.3,129.39 1 0
github.com/school-crm/backend/internal/service/expense_service.go:132.2,132.29 1 0
github.com/school-crm/backend/internal/service/expense_service.go:135.131,138.16 2 0
github.com/school-crm/backend/internal/service/expense_service.go:138.16,140.3 1 0
github.com/school-crm/backend/internal/service/expense_service.go:143.2,143.24 1 0
github.com/school-crm/backend/internal/service/expense_service.go:143.24,145.17 2 0
github.com/school-crm/backend/internal/service/expense_service.go:145.17,147.4 1 0
github.com/school-crm/backend/internal/service/expense_service.go:148.3,152.25 5 0
github.com/school-crm/backend/internal/service/expense_service.go:152.25,154.4 1 0
github.com/school-crm/backend/internal/service/expense_service.go:158.2,158.22 1 0
github.com/school-crm/backend/internal/service/expense_service.go:158.22,160.3 1 0
github.com/school-crm/backend/internal/service/expense_service.go:161.2,161.28 1 0
github.com/school-crm/backend/internal/service/expense_service.go:161.28,163.3 1 0
github.com/school-crm/backend/internal/service/expense_service.go:164.2,164.23 1 0
github.com/school-crm/backend/internal/service/expense_service.go:164.23,166.3 1 0
github.com/school-crm/backend/internal/service/expense_service.go:167.2,167.25 1 0
github.com/school-crm/backend/internal/service/expense_service.go:167.25,169.3 1 0
github.com/school-crm/backend/internal/service/expense_service.go:170.2,170.30 1 0
github.com/school-crm/backend/internal/service/expense_service.go:170.30,172.3 1 0
github.com/school-crm/backend/internal/service/expense_service.go:173.2,173.21 1 0
github.com/school-crm/backend/internal/service/expense_service.go:173.21,175.3 1 0
github.com/school-crm/backend/internal/service/expense_service.go:176.2,176.22 1 0
github.com/school-crm/backend/internal/service/expense_service.go:176.22,178.3 1 0
github.com/school-crm/backend/internal/service/expense_service.go:180.2,186.16 3 0
github.com/school-crm/backend/internal/service/expense_service.go:186.16,188.3 1 0
github.com/school-crm/backend/internal/service/expense_service.go:190.2,190.21 1 0
github.com/school-crm/backend/internal/service/expense_service.go:193.71,197.2 3 0
github.com/school-crm/backend/internal/service/expense_service.go:199.134,208.16 3 0
github.com/school-crm/backend/internal/service/expense_service.go:208.16,210.3 1 0
github.com/school-crm/backend/internal/service/expense_service.go:211.2,214.18 3 0
github.com/school-crm/backend/internal/service/expense_service.go:214.18,217.130 2 0
github.com/school-crm/backend/internal/service/expense_service.go:217.130,219.4 1 0
github.com/school-crm/backend/internal/service/expense_service.go:220.3,220.39 1 0
github.com/school-crm/backend/internal/service/expense_service.go:223.2,223.29 1 0
github.com/school-crm/backend/internal/service/expense_service.go:227.132,230.14 3 0
github.com/school-crm/backend/internal/service/expense_service.go:230.14,232.3 1 0
github.com/school-crm/backend/internal/service/expense_service.go:233.2,233.15 1 0
github.com/school-crm/backend/internal/service/expense_service.go:233.15,235.3 1 0
github.com/school-crm/backend/internal/service/expense_service.go:236.2,251.31 11 0
github.com/school-crm/backend/internal/service/expense_service.go:251.31,261.3 8 0
github.com/school-crm/backend/internal/service/expense_service.go:264.2,264.18 1 0
github.com/school-crm/backend/internal/service/expense_service.go:264.18,269.3 4 0
github.com/school-crm/backend/internal/service/expense_service.go:272.2,272.20 1 0
github.com/school-crm/backend/internal/service/expense_service.go:272.20,276.3 3 0
github.com/school-crm/backend/internal/service/expense_service.go:279.2,279.25 1 0
github.com/school-crm/backend/internal/service/expense_service.go:279.25,283.3 3 0
github.com/school-crm/backend/internal/service/expense_service.go:286.2,289.16 4 0
github.com/school-crm/backend/internal/service/expense_service.go:289.16,291.3 1 0
github.com/school-crm/backend/internal/service/expense_service.go:294.2,307.16 8 0
github.com/school-crm/backend/internal/service/expense_service.go:307.16,309.3 1 0
github.com/school-crm/backend/internal/service/expense_service.go:310.2,313.18 3 0
github.com/school-crm/backend/internal/service/expense_service.go:313.18,316.130 2 0
github.com/school-crm/backend/internal/service/expense_service.go:316.130,318.4 1 0
github.com/school-crm/backend/internal/service/expense_service.go:319.3,319.39 1 0
github.com/school-crm/backend/internal/service/expense_service.go:322.2,322.35 1 0
github.com/school-crm/backend/internal/service/expense_service.go:322.35,324.3 1 0
github.com/school-crm/backend/internal/service/expense_service.go:326.2,331.8 1 0
github.com/school-crm/backend/internal/service/expense_service.go:335.146,347.16 5 0
github.com/school-crm/backend/internal/service/expense_service.go:347.16,349.3 1 0
github.com/school-crm/backend/internal/service/expense_service.go:352.2,356.16 3 0
github.com/school-crm/backend/internal/service/expense_service.go:356.16,358.3 1 0
github.com/school-crm/backend/internal/service/expense_service.go:359.2,361.18 2 0
github.com/school-crm/backend/internal/service/expense_service.go:361.18,364.50 3 0
github.com/school-crm/backend/internal/service/expense_service.go:364.50,366.4 1 0
github.com/school-crm/backend/internal/service/expense_service.go:367.3,367.35 1 0
github.com/school-crm/backend/internal/service/expense_service.go:371.2,375.16 3 0
github.com/school-crm/backend/internal/service/expense_service.go:375.16,377.3 1 0
github.com/school-crm/backend/internal/service/expense_service.go:378.2,380.24 2 0
github.com/school-crm/backend/internal/service/expense_service.go:380.24,383.59 3 0
github.com/school-crm/backend/internal/service/expense_service.go:383.59,385.4 1 0
github.com/school-crm/backend/internal/service/expense_service.go:386.3,386.36 1 0
github.com/school-crm/backend/internal/service/expense_service.go:389.2,389.21 1 0
github.com/school-crm/backend/internal/service/finance_service.go:18.140,20.2 1 0
github.com/school-crm/backend/internal/service/finance_service.go:36.146,38.16 2 0
github.com/school-crm/backend/internal/service/finance_service.go:38.16,40.3 1 0
github.com/school-crm/backend/internal/service/finance_service.go:42.2,43.35 2 0
github.com/school-crm/backend/internal/service/finance_service.go:43.35,45.28 2 0
github.com/school-crm/backend/internal/service/finance_service.go:45.28,46.97 1 0
github.com/school-crm/backend/internal/service/finance_service.go:46.97,48.5 1 0
github.com/school-crm/backend/internal/service/finance_service.go:51.3,52.30 2 0
github.com/school-crm/backend/internal/service/finance_service.go:52.30,54.18 2 0
github.com/school-crm/backend/internal/service/finance_service.go:54.18,55.32 1 0
github.com/school-crm/backend/internal/service/finance_service.go:55.32,57.6 1 0
github.com/school-crm/backend/internal/service/finance_service.go:61.3,62.21 2 0
github.com/school-crm/backend/internal/service/finance_service.go:62.21,63.44 1 0
github.com/school-crm/backend/internal/service/finance_service.go:63.44,65.5 1 0
github.com/school-crm/backend/internal/service/finance_service.go:65.10,67.5 1 0
github.com/school-crm/backend/internal/service/finance_service.go:70.3,79.5 1 0
github.com/school-crm/backend/internal/service/finance_service.go:81.2,81.20 1 0
github.com/school-crm/backend/internal/service/finance_service.go:101.175,103.16 2 0
github.com/school-crm/backend/internal/service/finance_service.go:103.16,105.3 1 0
github.com/school-crm/backend/internal/service/finance_service.go:107.2,108.16 2 0
github.com/school-crm/backend/internal/service/finance_service.go:108.16,110.3 1 0
github.com/school-crm/backend/internal/service/finance_service.go:112.2,113.35 2 0
github.com/school-crm/backend/internal/service/finance_service.go:113.35,115.17 2 0
github.com/school-crm/backend/internal/service/finance_service.go:115.17,116.12 1 0
github.com/school-crm/backend/internal/service/finance_service.go:119.3,120.30 2 0
github.com/school-crm/backend/internal/service/finance_service.go:120.30,122.4 1 0
github.com/school-crm/backend/internal/service/finance_service.go:124.3,126.42 3 0
github.com/school-crm/backend/internal/service/finance_service.go:126.42,129.4 2 0
github.com/school-crm/backend/internal/service/finance_service.go:129.9,129.27 1 0
github.com/school-crm/backend/internal/service/finance_service.go:129.27,131.4 1 0
github.com/school-crm/backend/internal/service/finance_service.go:133.3,145.19 2 0
github.com/school-crm/backend/internal/service/finance_service.go:145.19,148.54 2 0
github.com/school-crm/backend/internal/service/finance_service.go:148.54,149.13 1 0
github.com/school-crm/backend/internal/service/finance_service.go:152.3,152.45 1 0
github.com/school-crm/backend/internal/service/finance_service.go:152.45,153.12 1 0
github.com/school-crm/backend/internal/service/finance_service.go:155.3,155.63 1 0
github.com/school-crm/backend/internal/service/finance_service.go:155.63,156.12 1 0
github.com/school-crm/backend/internal/service/finance_service.go:158.3,158.63 1 0
github.com/school-crm/backend/internal/service/finance_service.go:158.63,159.12 1 0
github.com/school-crm/backend/internal/service/finance_service.go:162.3,162.30 1 0
github.com/school-crm/backend/internal/service/finance_service.go:164.2,164.20 1 0
github.com/school-crm/backend/internal/service/finance_service.go:175.144,177.16 2 0
github.com/school-crm/backend/internal/service/finance_service.go:177.16,179.3 1 0
github.com/school-crm/backend/internal/service/finance_service.go:181.2,182.16 2 0
github.com/school-crm/backend/internal/service/finance_service.go:182.16,184.3 1 0
github.com/school-crm/backend/internal/service/finance_service.go:186.2,187.29 2 0
github.com/school-crm/backend/internal/service/finance_service.go:187.29,189.3 1 0
github.com/school-crm/backend/internal/service/finance_service.go:191.2,192.19 2 0
github.com/school-crm/backend/internal/service/finance_service.go:192.19,194.3 1 0
github.com/school-crm/backend/internal/service/finance_service.go:196.2,196.77 1 0
github.com/school-crm/backend/internal/service/financial_month_service.go:17.77,21.2 1 0
github.com/school-crm/backend/internal/service/financial_month_service.go:24.127,31.36 5 0
github.com/school-crm/backend/internal/service/financial_month_service.go:31.36,33.3 1 0
github.com/school-crm/backend/internal/service/financial_month_service.go:36.2,36.45 1 0
github.com/school-crm/backend/internal/service/financial_month_service.go:40.127,46.16 4 0
github.com/school-crm/backend/internal/service/financial_month_service.go:46.16,48.3 1 0
github.com/school-crm/backend/internal/service/financial_month_service.go:50.2,62.16 4 0
github.com/school-crm/backend/internal/service/financial_month_service.go:62.16,64.3 1 0
github.com/school-crm/backend/internal/service/financial_month_service.go:66.2,66.16 1 0
github.com/school-crm/backend/internal/service/financial_month_service.go:70.105,78.16 3 0
github.com/school-crm/backend/internal/service/financial_month_service.go:78.16,80.3 1 0
github.com/school-crm/backend/internal/service/financial_month_service.go:81.2,81.16 1 0
github.com/school-crm/backend/internal/service/financial_month_service.go:85.144,93.16 3 0
github.com/school-crm/backend/internal/service/financial_month_service.go:93.16,95.3 1 0
github.com/school-crm/backend/internal/service/financial_month_service.go:96.2,96.16 1 0
github.com/school-crm/backend/internal/service/financial_month_service.go:100.123,110.16 3 0
github.com/school-crm/backend/internal/service/financial_month_service.go:110.16,112.3 1 0
github.com/school-crm/backend/internal/service/financial_month_service.go:113.2,113.16 1 0
github.com/school-crm/backend/internal/service/financial_month_service.go:117.117,124.16 2 0
github.com/school-crm/backend/internal/service/financial_month_service.go:124.16,126.3 1 0
github.com/school-crm/backend/internal/service/financial_month_service.go:127.2,130.18 3 0
github.com/school-crm/backend/internal/service/financial_month_service.go:130.18,133.17 3 0
github.com/school-crm/backend/internal/service/financial_month_service.go:133.17,135.4 1 0
github.com/school-crm/backend/internal/service/financial_month_service.go:136.3,136.30 1 0
github.com/school-crm/backend/internal/service/financial_month_service.go:139.2,139.27 1 0
github.com/school-crm/backend/internal/service/financial_month_service.go:143.114,145.16 2 0
github.com/school-crm/backend/internal/service/financial_month_service.go:145.16,147.3 1 0
github.com/school-crm/backend/internal/service/financial_month_service.go:148.2,158.16 5 0
github.com/school-crm/backend/internal/service/financial_month_service.go:158.16,160.3 1 0
github.com/school-crm/backend/internal/service/financial_month_service.go:163.2,168.16 2 0
github.com/school-crm/backend/internal/service/financial_month_service.go:168.16,170.3 1 0
github.com/school-crm/backend/internal/service/financial_month_service.go:173.2,175.20 3 0
github.com/school-crm/backend/internal/service/financial_month_service.go:175.20,178.3 2 0
github.com/school-crm/backend/internal/service/financial_month_service.go:181.2,184.16 4 0
github.com/school-crm/backend/internal/service/financial_month_service.go:184.16,186.3 1 0
github.com/school-crm/backend/internal/service/financial_month_service.go:188.2,192.16 2 0
github.com/school-crm/backend/internal/service/financial_month_service.go:192.16,194.3 1 0
github.com/school-crm/backend/internal/service/financial_month_service.go:197.2,201.16 2 0
github.com/school-crm/backend/internal/service/financial_month_service.go:201.16,203.3 1 0
github.com/school-crm/backend/internal/service/financial_month_service.go:206.2,207.16 2 0
github.com/school-crm/backend/internal/service/financial_month_service.go:207.16,209.3 1 0
github.com/school-crm/backend/internal/service/financial_month_service.go:212.2,219.16 3 0
github.com/school-crm/backend/internal/service/financial_month_service.go:223.98,226.16 3 0
github.com/school-crm/backend/internal/service/financial_month_service.go:226.16,228.3 1 0
github.com/school-crm/backend/internal/service/financial_month_service.go:229.2,229.56 1 0
github.com/school-crm/backend/internal/service/messaging_service.go:23.84,25.2 1 0
github.com/school-crm/backend/internal/service/messaging_service.go:28.118,29.16 1 0
github.com/school-crm/backend/internal/service/messaging_service.go:29.16,31.3 1 0
github.com/school-crm/backend/internal/service/messaging_service.go:32.2,39.16 2 0
github.com/school-crm/backend/internal/service/messaging_service.go:39.16,41.3 1 0
github.com/school-crm/backend/internal/service/messaging_service.go:42.2,45.18 3 0
github.com/school-crm/backend/internal/service/messaging_service.go:45.18,48.102 2 0
github.com/school-crm/backend/internal/service/messaging_service.go:48.102,50.4 1 0
github.com/school-crm/backend/internal/service/messaging_service.go:51.3,51.26 1 0
github.com/school-crm/backend/internal/service/messaging_service.go:53.2,53.17 1 0
github.com/school-crm/backend/internal/service/messaging_service.go:53.17,55.3 1 0
github.com/school-crm/backend/internal/service/messaging_service.go:56.2,56.25 1 0
github.com/school-crm/backend/internal/service/messaging_service.go:61.131,71.16 4 0
github.com/school-crm/backend/internal/service/messaging_service.go:71.16,73.3 1 0
github.com/school-crm/backend/internal/service/messaging_service.go:74.2,75.18 2 0
github.com/school-crm/backend/internal/service/messaging_service.go:75.18,81.86 2 0
github.com/school-crm/backend/internal/service/messaging_service.go:81.86,83.4 1 0
github.com/school-crm/backend/internal/service/messaging_service.go:84.3,84.37 1 0
github.com/school-crm/backend/internal/service/messaging_service.go:86.2,86.35 1 0
github.com/school-crm/backend/internal/service/messaging_service.go:86.35,88.3 1 0
github.com/school-crm/backend/internal/service/messaging_service.go:91.2,92.31 2 0
github.com/school-crm/backend/internal/service/messaging_service.go:92.31,93.29 1 0
github.com/school-crm/backend/internal/service/messaging_service.go:93.29,94.12 1 0
github.com/school-crm/backend/internal/service/messaging_service.go:96.3,97.63 2 0
github.com/school-crm/backend/internal/service/messaging_service.go:97.63,99.4 1 0
github.com/school-crm/backend/internal/service/messaging_service.go:99.9,101.4 1 0
github.com/school-crm/backend/internal/service/messaging_service.go:105.2,116.16 5 0
github.com/school-crm/backend/internal/service/messaging_service.go:116.16,118.3 1 0
github.com/school-crm/backend/internal/service/messaging_service.go:119.2,119.17 1 0
github.com/school-crm/backend/internal/service/messaging_service.go:123.105,127.2 2 0
github.com/school-crm/backend/internal/service/messaging_service.go:130.105,134.37 3 0
github.com/school-crm/backend/internal/service/messaging_service.go:134.37,137.3 2 0
github.com/school-crm/backend/internal/service/messaging_service.go:137.8,138.36 1 0
github.com/school-crm/backend/internal/service/messaging_service.go:138.36,141.4 2 0
github.com/school-crm/backend/internal/service/messaging_service.go:142.3,142.38 1 0
github.com/school-crm/backend/internal/service/messaging_service.go:142.38,145.37 2 0
github.com/school-crm/backend/internal/service/messaging_service.go:146.18,151.45 1 0
github.com/school-crm/backend/internal/service/messaging_service.go:152.16,157.45 1 0
github.com/school-crm/backend/internal/service/messaging_service.go:160.3,160.38 1 0
github.com/school-crm/backend/internal/service/messaging_service.go:160.38,163.4 2 0
github.com/school-crm/backend/internal/service/messaging_service.go:164.3,164.39 1 0
github.com/school-crm/backend/internal/service/messaging_service.go:164.39,167.4 2 0
github.com/school-crm/backend/internal/service/messaging_service.go:170.2,177.20 3 0
github.com/school-crm/backend/internal/service/messaging_service.go:180.68,181.22 1 0
github.com/school-crm/backend/internal/service/messaging_service.go:181.22,185.3 2 0
github.com/school-crm/backend/internal/service/messaging_service.go:186.2,190.16 5 0
github.com/school-crm/backend/internal/service/messaging_service.go:190.16,192.3 1 0
github.com/school-crm/backend/internal/service/messaging_service.go:193.2,194.38 2 0
github.com/school-crm/backend/internal/service/messaging_service.go:194.38,196.3 1 0
github.com/school-crm/backend/internal/service/messaging_service.go:197.2,197.12 1 0
github.com/school-crm/backend/internal/service/notification_service.go:36.73,38.2 1 0
github.com/school-crm/backend/internal/service/notification_service.go:45.9,47.24 2 0
github.com/school-crm/backend/internal/service/notification_service.go:47.24,49.3 1 0
github.com/school-crm/backend/internal/service/notification_service.go:50.2,50.22 1 0
github.com/school-crm/backend/internal/service/notification_service.go:50.22,52.3 1 0
github.com/school-crm/backend/internal/service/notification_service.go:53.2,57.12 2 0
github.com/school-crm/backend/internal/service/notification_service.go:61.117,62.31 1 0
github.com/school-crm/backend/internal/service/notification_service.go:62.31,64.3 1 0
github.com/school-crm/backend/internal/service/notification_service.go:65.2,73.16 2 0
github.com/school-crm/backend/internal/service/notification_service.go:73.16,75.3 1 0
github.com/school-crm/backend/internal/service/notification_service.go:76.2,79.18 3 0
github.com/school-crm/backend/internal/service/notification_service.go:79.18,84.17 2 0
github.com/school-crm/backend/internal/service/notification_service.go:84.17,86.4 1 0
github.com/school-crm/backend/internal/service/notification_service.go:87.3,87.43 1 0
github.com/school-crm/backend/internal/service/notification_service.go:89.2,89.26 1 0
github.com/school-crm/backend/internal/service/notification_service.go:89.26,91.3 1 0
github.com/school-crm/backend/internal/service/notification_service.go:92.2,92.27 1 0
github.com/school-crm/backend/internal/service/notification_service.go:96.94,102.26 3 0
github.com/school-crm/backend/internal/service/notification_service.go:102.26,104.3 1 0
github.com/school-crm/backend/internal/service/notification_service.go:105.2,105.19 1 0
github.com/school-crm/backend/internal/service/notification_service.go:109.88,115.2 2 0
github.com/school-crm/backend/internal/service/notification_service.go:118.87,124.2 2 0
github.com/school-crm/backend/internal/service/payment_method_utils.go:13.58,14.52 1 24
github.com/school-crm/backend/internal/service/payment_method_utils.go:15.59,16.35 1 6
github.com/school-crm/backend/internal/service/payment_method_utils.go:17.32,18.34 1 6
github.com/school-crm/backend/internal/service/payment_method_utils.go:19.32,20.34 1 4
github.com/school-crm/backend/internal/service/payment_method_utils.go:21.36,22.38 1 3
github.com/school-crm/backend/internal/service/payment_method_utils.go:23.10,24.52 1 5
github.com/school-crm/backend/internal/service/payment_method_utils.go:28.63,29.47 1 6
github.com/school-crm/backend/internal/service/payment_method_utils.go:30.33,31.71 1 2
github.com/school-crm/backend/internal/service/payment_method_utils.go:32.32,33.44 1 1
github.com/school-crm/backend/internal/service/payment_method_utils.go:34.32,35.44 1 1
github.com/school-crm/backend/internal/service/payment_method_utils.go:36.36,37.48 1 1
github.com/school-crm/backend/internal/service/payment_method_utils.go:38.10,40.23 2 1
github.com/school-crm/backend/internal/service/payment_method_utils.go:40.23,42.4 1 1
github.com/school-crm/backend/internal/service/payment_method_utils.go:43.3,43.30 1 0
github.com/school-crm/backend/internal/service/payment_method_utils.go:47.57,54.2 1 3
github.com/school-crm/backend/internal/service/payment_method_utils.go:56.96,58.22 2 5
github.com/school-crm/backend/internal/service/payment_method_utils.go:58.22,60.3 1 1
github.com/school-crm/backend/internal/service/payment_method_utils.go:62.2,62.30 1 4
github.com/school-crm/backend/internal/service/payment_service.go:29.89,31.2 1 0
github.com/school-crm/backend/internal/service/payment_service.go:34.52,34.67 1 0
github.com/school-crm/backend/internal/service/payment_service.go:64.124,66.46 1 0
github.com/school-crm/backend/internal/service/payment_service.go:66.46,68.17 2 0
github.com/school-crm/backend/internal/service/payment_service.go:68.17,70.4 1 0
github.com/school-crm/backend/internal/service/payment_service.go:71.3,71.59 1 0
github.com/school-crm/backend/internal/service/payment_service.go:71.59,73.4 1 0
github.com/school-crm/backend/internal/service/payment_service.go:77.2,78.40 2 0
github.com/school-crm/backend/internal/service/payment_service.go:78.40,80.3 1 0
github.com/school-crm/backend/internal/service/payment_service.go:83.2,83.37 1 0
github.com/school-crm/backend/internal/service/payment_service.go:83.37,84.25 1 0
github.com/school-crm/backend/internal/service/payment_service.go:84.25,86.4 1 0
github.com/school-crm/backend/internal/service/payment_service.go:89.2,110.34 4 0
github.com/school-crm/backend/internal/service/payment_service.go:110.34,112.3 1 0
github.com/school-crm/backend/internal/service/payment_service.go:114.2,114.21 1 0
github.com/school-crm/backend/internal/service/payment_service.go:117.91,129.26 4 0
github.com/school-crm/backend/internal/service/payment_service.go:129.26,131.3 1 0
github.com/school-crm/backend/internal/service/payment_service.go:132.2,133.21 2 0
github.com/school-crm/backend/internal/service/payment_service.go:136.104,143.16 3 0
github.com/school-crm/backend/internal/service/payment_service.go:143.16,145.3 1 0
github.com/school-crm/backend/internal/service/payment_service.go:146.2,149.18 3 0
github.com/school-crm/backend/internal/service/payment_service.go:149.18,152.199 2 0
github.com/school-crm/backend/internal/service/payment_service.go:152.199,154.4 1 0
github.com/school-crm/backend/internal/service/payment_service.go:155.3,156.39 2 0
github.com/school-crm/backend/internal/service/payment_service.go:159.2,159.29 1 0
github.com/school-crm/backend/internal/service/payment_service.go:162.126,169.16 3 0
github.com/school-crm/backend/internal/service/payment_service.go:169.16,171.3 1 0
github.com/school-crm/backend/internal/service/payment_service.go:172.2,175.18 3 0
github.com/school-crm/backend/internal/service/payment_service.go:175.18,178.199 2 0
github.com/school-crm/backend/internal/service/payment_service.go:178.199,180.4 1 0
github.com/school-crm/backend/internal/service/payment_service.go:181.3,182.39 2 0
github.com/school-crm/backend/internal/service/payment_service.go:185.2,185.29 1 0
github.com/school-crm/backend/internal/service/payment_service.go:188.158,193.16 4 0
github.com/school-crm/backend/internal/service/payment_service.go:193.16,195.3 1 0
github.com/school-crm/backend/internal/service/payment_service.go:198.2,205.16 4 0
github.com/school-crm/backend/internal/service/payment_service.go:205.16,207.3 1 0
github.com/school-crm/backend/internal/service/payment_service.go:208.2,211.18 3 0
github.com/school-crm/backend/internal/service/payment_service.go:211.18,214.199 2 0
github.com/school-crm/backend/internal/service/payment_service.go:214.199,216.4 1 0
github.com/school-crm/backend/internal/service/payment_service.go:217.3,218.39 2 0
github.com/school-crm/backend/internal/service/payment_service.go:221.2,221.35 1 0
github.com/school-crm/backend/internal/service/payment_service.go:221.35,223.3 1 0
github.com/school-crm/backend/internal/service/payment_service.go:225.2,233.8 2 0
github.com/school-crm/backend/internal/service/payment_service.go:236.190,243.18 4 0
github.com/school-crm/backend/internal/service/payment_service.go:243.18,247.3 3 0
github.com/school-crm/backend/internal/service/payment_service.go:250.2,250.49 1 0
github.com/school-crm/backend/internal/service/payment_service.go:250.49,254.3 3 0
github.com/school-crm/backend/internal/service/payment_service.go:257.2,261.16 5 0
github.com/school-crm/backend/internal/service/payment_service.go:261.16,263.3 1 0
github.com/school-crm/backend/internal/service/payment_service.go:266.2,281.16 9 0
github.com/school-crm/backend/internal/service/payment_service.go:281.16,283.3 1 0
github.com/school-crm/backend/internal/service/payment_service.go:284.2,287.18 3 0
github.com/school-crm/backend/internal/service/payment_service.go:287.18,290.199 2 0
github.com/school-crm/backend/internal/service/payment_service.go:290.199,292.4 1 0
github.com/school-crm/backend/internal/service/payment_service.go:293.3,294.39 2 0
github.com/school-crm/backend/internal/service/payment_service.go:297.2,297.35 1 0
github.com/school-crm/backend/internal/service/payment_service.go:297.35,299.3 1 0
github.com/school-crm/backend/internal/service/payment_service.go:301.2,309.8 2 0
github.com/school-crm/backend/internal/service/payment_service.go:312.132,319.16 3 0
github.com/school-crm/backend/internal/service/payment_service.go:319.16,321.3 1 0
github.com/school-crm/backend/internal/service/payment_service.go:322.2,325.18 3 0
github.com/school-crm/backend/internal/service/payment_service.go:325.18,328.199 2 0
github.com/school-crm/backend/internal/service/payment_service.go:328.199,330.4 1 0
github.com/school-crm/backend/internal/service/payment_service.go:331.3,331.39 1 0
github.com/school-crm/backend/internal/service/payment_service.go:334.2,334.29 1 0
github.com/school-crm/backend/internal/service/payment_service.go:337.65,342.2 4 0
github.com/school-crm/backend/internal/service/payment_service.go:344.136,347.16 2 0
github.com/school-crm/backend/internal/service/payment_service.go:347.16,349.3 1 0
github.com/school-crm/backend/internal/service/payment_service.go:352.2,352.24 1 0
github.com/school-crm/backend/internal/service/payment_service.go:352.24,354.17 2 0
github.com/school-crm/backend/internal/service/payment_service.go:354.17,356.4 1 0
github.com/school-crm/backend/internal/service/payment_service.go:357.3,358.25 2 0
github.com/school-crm/backend/internal/service/payment_service.go:358.25,360.4 1 0
github.com/school-crm/backend/internal/service/payment_service.go:363.2,364.70 2 0
github.com/school-crm/backend/internal/service/payment_service.go:364.70,366.3 1 0
github.com/school-crm/backend/internal/service/payment_service.go:368.2,372.34 4 0
github.com/school-crm/backend/internal/service/payment_service.go:372.34,373.19 1 0
github.com/school-crm/backend/internal/service/payment_service.go:373.19,375.4 1 0
github.com/school-crm/backend/internal/service/payment_service.go:376.3,378.13 3 0
github.com/school-crm/backend/internal/service/payment_service.go:381.2,385.16 4 0
github.com/school-crm/backend/internal/service/payment_service.go:385.16,387.3 1 0
github.com/school-crm/backend/internal/service/payment_service.go:389.2,390.34 2 0
github.com/school-crm/backend/internal/service/payment_service.go:390.34,392.3 1 0
github.com/school-crm/backend/internal/service/payment_service.go:393.2,393.21 1 0
github.com/school-crm/backend/internal/service/payment_service.go:396.71,399.16 2 0
github.com/school-crm/backend/internal/service/payment_service.go:399.16,401.3 1 0
github.com/school-crm/backend/internal/service/payment_service.go:403.2,405.34 3 0
github.com/school-crm/backend/internal/service/payment_service.go:405.34,407.3 1 0
github.com/school-crm/backend/internal/service/payment_service.go:408.2,408.12 1 0
github.com/school-crm/backend/internal/service/payment_service.go:411.114,423.16 4 0
github.com/school-crm/backend/internal/service/payment_service.go:423.16,425.3 1 0
github.com/school-crm/backend/internal/service/payment_service.go:427.2,434.16 3 0
github.com/school-crm/backend/internal/service/payment_service.go:434.16,436.3 1 0
github.com/school-crm/backend/internal/service/payment_service.go:437.2,439.24 2 0
github.com/school-crm/backend/internal/service/payment_service.go:439.24,442.59 3 0
github.com/school-crm/backend/internal/service/payment_service.go:442.59,444.4 1 0
github.com/school-crm/backend/internal/service/payment_service.go:445.3,445.60 1 0
github.com/school-crm/backend/internal/service/payment_service.go:448.2,448.41 1 0
github.com/school-crm/backend/internal/service/payment_service.go:448.41,450.3 1 0
github.com/school-crm/backend/internal/service/payment_service.go:452.2,457.8 1 0
github.com/school-crm/backend/internal/service/payment_service.go:460.147,471.16 4 0
github.com/school-crm/backend/internal/service/payment_service.go:471.16,473.3 1 0
github.com/school-crm/backend/internal/service/payment_service.go:477.2,496.16 4 0
github.com/school-crm/backend/internal/service/payment_service.go:496.16,498.3 1 0
github.com/school-crm/backend/internal/service/payment_service.go:500.2,507.16 3 0
github.com/school-crm/backend/internal/service/payment_service.go:507.16,509.3 1 0
github.com/school-crm/backend/internal/service/payment_service.go:510.2,512.24 2 0
github.com/school-crm/backend/internal/service/payment_service.go:512.24,515.59 3 0
github.com/school-crm/backend/internal/service/payment_service.go:515.59,517.4 1 0
github.com/school-crm/backend/internal/service/payment_service.go:518.3,518.60 1 0
github.com/school-crm/backend/internal/service/payment_service.go:521.2,521.41 1 0
github.com/school-crm/backend/internal/service/payment_service.go:521.41,523.3 1 0
github.com/school-crm/backend/internal/service/payment_service.go:525.2,529.8 1 0
github.com/school-crm/backend/internal/service/payment_service.go:532.106,539.16 3 0
github.com/school-crm/backend/internal/service/payment_service.go:539.16,541.3 1 0
github.com/school-crm/backend/internal/service/payment_service.go:542.2,545.18 3 0
github.com/school-crm/backend/internal/service/payment_service.go:545.18,548.199 2 0
github.com/school-crm/backend/internal/service/payment_service.go:548.199,550.4 1 0
github.com/school-crm/backend/internal/service/payment_service.go:551.3,552.39 2 0
github.com/school-crm/backend/internal/service/payment_service.go:555.2,555.29 1 0
github.com/school-crm/backend/internal/service/payment_service.go:559.90,560.24 1 0
github.com/school-crm/backend/internal/service/payment_service.go:560.24,562.3 1 0
github.com/school-crm/backend/internal/service/payment_service.go:565.2,568.29 3 0
github.com/school-crm/backend/internal/service/payment_service.go:568.29,571.3 2 0
github.com/school-crm/backend/internal/service/payment_service.go:574.2,574.33 1 0
github.com/school-crm/backend/internal/service/payment_service.go:574.33,575.22 1 0
github.com/school-crm/backend/internal/service/payment_service.go:575.22,578.4 1 0
github.com/school-crm/backend/internal/service/payment_service.go:578.9,585.28 5 0
github.com/school-crm/backend/internal/service/payment_service.go:585.28,587.30 2 0
github.com/school-crm/backend/internal/service/payment_service.go:587.30,589.6 1 0
github.com/school-crm/backend/internal/service/payment_service.go:589.11,589.34 1 0
github.com/school-crm/backend/internal/service/payment_service.go:589.34,591.6 1 0
github.com/school-crm/backend/internal/service/payment_service.go:593.5,593.37 1 0
github.com/school-crm/backend/internal/service/payment_service.go:593.37,595.6 1 0
github.com/school-crm/backend/internal/service/payment_service.go:599.4,599.30 1 0
github.com/school-crm/backend/internal/service/payment_service.go:599.30,605.5 4 0
github.com/school-crm/backend/internal/service/payment_service.go:605.10,608.5 1 0
github.com/school-crm/backend/internal/service/payment_service.go:612.2,612.21 1 0
github.com/school-crm/backend/internal/service/payment_service.go:617.132,618.20 1 0
github.com/school-crm/backend/internal/service/payment_service.go:618.20,622.57 3 0
github.com/school-crm/backend/internal/service/payment_service.go:622.57,624.4 1 0
github.com/school-crm/backend/internal/service/payment_service.go:625.3,626.34 2 0
github.com/school-crm/backend/internal/service/payment_service.go:626.34,628.4 1 0
github.com/school-crm/backend/internal/service/payment_service.go:629.3,629.21 1 0
github.com/school-crm/backend/internal/service/payment_service.go:631.2,631.46 1 0
github.com/school-crm/backend/internal/service/payment_service.go:634.134,636.31 2 0
github.com/school-crm/backend/internal/service/payment_service.go:636.31,638.3 1 0
github.com/school-crm/backend/internal/service/payment_service.go:640.2,641.32 2 0
github.com/school-crm/backend/internal/service/payment_service.go:641.32,643.3 1 0
github.com/school-crm/backend/internal/service/payment_service.go:645.2,667.18 15 0
github.com/school-crm/backend/internal/service/payment_service.go:667.18,674.3 3 0
github.com/school-crm/backend/internal/service/payment_service.go:676.2,676.18 1 0
github.com/school-crm/backend/internal/service/payment_service.go:676.18,680.3 3 0
github.com/school-crm/backend/internal/service/payment_service.go:682.2,682.25 1 0
github.com/school-crm/backend/internal/service/payment_service.go:682.25,684.28 2 0
github.com/school-crm/backend/internal/service/payment_service.go:685.10,688.11 3 0
github.com/school-crm/backend/internal/service/payment_service.go:689.10,692.14 3 0
github.com/school-crm/backend/internal/service/payment_service.go:696.2,696.19 1 0
github.com/school-crm/backend/internal/service/payment_service.go:696.19,700.3 3 0
github.com/school-crm/backend/internal/service/payment_service.go:705.2,713.16 4 0
github.com/school-crm/backend/internal/service/payment_service.go:713.16,715.3 1 0
github.com/school-crm/backend/internal/service/payment_service.go:721.2,743.16 4 0
github.com/school-crm/backend/internal/service/payment_service.go:743.16,745.3 1 0
github.com/school-crm/backend/internal/service/payment_service.go:746.2,750.18 4 0
github.com/school-crm/backend/internal/service/payment_service.go:750.18,762.17 6 0
github.com/school-crm/backend/internal/service/payment_service.go:762.17,764.4 1 0
github.com/school-crm/backend/internal/service/payment_service.go:765.3,765.26 1 0
github.com/school-crm/backend/internal/service/payment_service.go:765.26,767.4 1 0
github.com/school-crm/backend/internal/service/payment_service.go:768.3,771.48 3 0
github.com/school-crm/backend/internal/service/payment_service.go:771.48,780.4 1 0
github.com/school-crm/backend/internal/service/payment_service.go:783.2,783.34 1 0
github.com/school-crm/backend/internal/service/payment_service.go:783.34,785.3 1 0
github.com/school-crm/backend/internal/service/payment_service.go:787.2,788.32 2 0
github.com/school-crm/backend/internal/service/payment_service.go:788.32,790.3 1 0
github.com/school-crm/backend/internal/service/payment_service.go:792.2,798.8 1 0
github.com/school-crm/backend/internal/service/payment_service.go:819.156,821.16 2 0
github.com/school-crm/backend/internal/service/payment_service.go:821.16,824.29 2 0
github.com/school-crm/backend/internal/service/payment_service.go:824.29,826.4 1 0
github.com/school-crm/backend/internal/service/payment_service.go:827.3,827.17 1 0
github.com/school-crm/backend/internal/service/payment_service.go:830.2,831.28 2 0
github.com/school-crm/backend/internal/service/payment_service.go:831.28,833.19 2 0
github.com/school-crm/backend/internal/service/payment_service.go:833.19,835.4 1 0
github.com/school-crm/backend/internal/service/payment_service.go:836.3,850.17 4 0
github.com/school-crm/backend/internal/service/payment_service.go:850.17,852.4 1 0
github.com/school-crm/backend/internal/service/payment_service.go:852.9,854.4 1 0
github.com/school-crm/backend/internal/service/payment_service.go:856.2,856.16 1 0
github.com/school-crm/backend/internal/service/payment_service.go:860.130,872.16 3 0
github.com/school-crm/backend/internal/service/payment_service.go:872.16,874.3 1 0
github.com/school-crm/backend/internal/service/payment_service.go:875.2,878.18 3 0
github.com/school-crm/backend/internal/service/payment_service.go:878.18,885.17 3 0
github.com/school-crm/backend/internal/service/payment_service.go:885.17,887.4 1 0
github.com/school-crm/backend/internal/service/payment_service.go:888.3,889.33 2 0
github.com/school-crm/backend/internal/service/payment_service.go:892.2,892.34 1 0
github.com/school-crm/backend/internal/service/payment_service.go:892.34,894.3 1 0
github.com/school-crm/backend/internal/service/payment_service.go:896.2,896.22 1 0
github.com/school-crm/backend/internal/service/payment_type_service.go:18.71,20.2 1 0
github.com/school-crm/backend/internal/service/payment_type_service.go:22.54,30.2 3 0
github.com/school-crm/backend/internal/service/payment_type_service.go:32.61,40.2 3 0
github.com/school-crm/backend/internal/service/payment_type_service.go:45.88,48.16 2 0
github.com/school-crm/backend/internal/service/payment_type_service.go:48.16,50.3 1 0
github.com/school-crm/backend/internal/service/payment_type_service.go:51.2,54.18 3 0
github.com/school-crm/backend/internal/service/payment_type_service.go:54.18,56.17 2 0
github.com/school-crm/backend/internal/service/payment_type_service.go:56.17,58.4 1 0
github.com/school-crm/backend/internal/service/payment_type_service.go:59.3,59.31 1 0
github.com/school-crm/backend/internal/service/payment_type_service.go:61.2,61.27 1 0
github.com/school-crm/backend/internal/service/payment_type_service.go:65.91,68.16 2 0
github.com/school-crm/backend/internal/service/payment_type_service.go:68.16,70.3 1 0
github.com/school-crm/backend/internal/service/payment_type_service.go:71.2,74.18 3 0
github.com/school-crm/backend/internal/service/payment_type_service.go:74.18,76.17 2 0
github.com/school-crm/backend/internal/service/payment_type_service.go:76.17,78.4 1 0
github.com/school-crm/backend/internal/service/payment_type_service.go:79.3,79.31 1 0
github.com/school-crm/backend/internal/service/payment_type_service.go:81.2,81.27 1 0
github.com/school-crm/backend/internal/service/payment_type_service.go:85.99,88.26 2 0
github.com/school-crm/backend/internal/service/payment_type_service.go:88.26,90.3 1 0
github.com/school-crm/backend/internal/service/payment_type_service.go:91.2,91.16 1 0
github.com/school-crm/backend/internal/service/payment_type_service.go:91.16,93.3 1 0
github.com/school-crm/backend/internal/service/payment_type_service.go:94.2,94.16 1 0
github.com/school-crm/backend/internal/service/payment_type_service.go:98.125,100.19 2 0
github.com/school-crm/backend/internal/service/payment_type_service.go:100.19,102.3 1 0
github.com/school-crm/backend/internal/service/payment_type_service.go:103.2,114.16 3 0
github.com/school-crm/backend/internal/service/payment_type_service.go:114.16,116.3 1 0
github.com/school-crm/backend/internal/service/payment_type_service.go:117.2,117.17 1 0
github.com/school-crm/backend/internal/service/payment_type_service.go:121.136,131.16 2 0
github.com/school-crm/backend/internal/service/payment_type_service.go:131.16,133.3 1 0
github.com/school-crm/backend/internal/service/payment_type_service.go:134.2,134.27 1 0
github.com/school-crm/backend/internal/service/payment_type_service.go:138.104,142.16 2 0
github.com/school-crm/backend/internal/service/payment_type_service.go:142.16,144.3 1 0
github.com/school-crm/backend/internal/service/payment_type_service.go:145.2,145.27 1 0
github.com/school-crm/backend/internal/service/payment_type_service.go:149.75,153.16 2 0
github.com/school-crm/backend/internal/service/payment_type_service.go:153.16,155.3 1 0
github.com/school-crm/backend/internal/service/payment_type_service.go:156.2,157.12 2 0
github.com/school-crm/backend/internal/service/payment_type_service.go:157.12,159.3 1 0
github.com/school-crm/backend/internal/service/payment_type_service.go:160.2,160.12 1 0
github.com/school-crm/backend/internal/service/permission_service.go:19.69,21.2 1 0
github.com/school-crm/backend/internal/service/permission_service.go:24.105,50.26 4 0
github.com/school-crm/backend/internal/service/permission_service.go:50.26,53.3 2 0
github.com/school-crm/backend/internal/service/permission_service.go:54.2,54.16 1 0
github.com/school-crm/backend/internal/service/permission_service.go:54.16,57.3 2 0
github.com/school-crm/backend/internal/service/permission_service.go:59.2,59.24 1 0
github.com/school-crm/backend/internal/service/permission_service.go:63.107,66.20 2 0
github.com/school-crm/backend/internal/service/permission_service.go:66.20,68.3 1 0
github.com/school-crm/backend/internal/service/permission_service.go:71.2,97.16 6 0
github.com/school-crm/backend/internal/service/permission_service.go:97.16,100.3 2 0
github.com/school-crm/backend/internal/service/permission_service.go:102.2,102.24 1 0
github.com/school-crm/backend/internal/service/permission_service.go:106.132,111.58 3 0
github.com/school-crm/backend/internal/service/permission_service.go:111.58,115.23 3 0
github.com/school-crm/backend/internal/service/permission_service.go:115.23,118.4 2 0
github.com/school-crm/backend/internal/service/permission_service.go:119.8,119.23 1 0
github.com/school-crm/backend/internal/service/permission_service.go:119.23,121.3 1 0
github.com/school-crm/backend/internal/service/permission_service.go:124.2,128.34 4 0
github.com/school-crm/backend/internal/service/permission_service.go:128.34,129.19 1 0
github.com/school-crm/backend/internal/service/permission_service.go:129.19,131.4 1 0
github.com/school-crm/backend/internal/service/permission_service.go:132.3,134.13 3 0
github.com/school-crm/backend/internal/service/permission_service.go:137.2,141.16 4 0
github.com/school-crm/backend/internal/service/permission_service.go:141.16,144.3 2 0
github.com/school-crm/backend/internal/service/permission_service.go:146.2,146.35 1 0
github.com/school-crm/backend/internal/service/permission_service.go:150.86,163.16 3 0
github.com/school-crm/backend/internal/service/permission_service.go:163.16,165.3 1 0
github.com/school-crm/backend/internal/service/permission_service.go:166.2,169.18 3 0
github.com/school-crm/backend/internal/service/permission_service.go:169.18,180.17 2 0
github.com/school-crm/backend/internal/service/permission_service.go:180.17,182.4 1 0
github.com/school-crm/backend/internal/service/permission_service.go:183.3,183.48 1 0
github.com/school-crm/backend/internal/service/permission_service.go:186.2,186.32 1 0
github.com/school-crm/backend/internal/service/permission_service.go:190.93,194.16 4 0
github.com/school-crm/backend/internal/service/permission_service.go:194.16,196.3 1 0
github.com/school-crm/backend/internal/service/permission_service.go:197.2,197.18 1 0
github.com/school-crm/backend/internal/service/permission_service.go:201.83,202.14 1 0
github.com/school-crm/backend/internal/service/permission_service.go:203.15,224.4 1 0
github.com/school-crm/backend/internal/service/permission_service.go:225.22,246.4 1 0
github.com/school-crm/backend/internal/service/permission_service.go:247.17,268.4 1 0
github.com/school-crm/backend/internal/service/permission_service.go:269.20,290.4 1 0
github.com/school-crm/backend/internal/service/permission_service.go:291.10,293.30 1 0
github.com/school-crm/backend/internal/service/report_service.go:16.61,18.2 1 0
github.com/school-crm/backend/internal/service/report_service.go:139.187,157.37 6 0
github.com/school-crm/backend/internal/service/report_service.go:157.37,161.3 3 0
github.com/school-crm/backend/internal/service/report_service.go:163.2,163.39 1 0
github.com/school-crm/backend/internal/service/report_service.go:163.39,166.3 2 0
github.com/school-crm/backend/internal/service/report_service.go:168.2,170.16 3 0
github.com/school-crm/backend/internal/service/report_service.go:170.16,172.3 1 0
github.com/school-crm/backend/internal/service/report_service.go:175.2,201.37 4 0
github.com/school-crm/backend/internal/service/report_service.go:201.37,205.3 3 0
github.com/school-crm/backend/internal/service/report_service.go:207.2,207.39 1 0
github.com/school-crm/backend/internal/service/report_service.go:207.39,211.3 3 0
github.com/school-crm/backend/internal/service/report_service.go:213.2,220.16 5 0
github.com/school-crm/backend/internal/service/report_service.go:220.16,222.3 1 0
github.com/school-crm/backend/internal/service/report_service.go:223.2,226.18 3 0
github.com/school-crm/backend/internal/service/report_service.go:226.18,242.17 2 0
github.com/school-crm/backend/internal/service/report_service.go:242.17,244.4 1 0
github.com/school-crm/backend/internal/service/report_service.go:245.3,246.30 2 0
github.com/school-crm/backend/internal/service/report_service.go:249.2,249.21 1 0
github.com/school-crm/backend/internal/service/report_service.go:249.21,251.3 1 0
github.com/school-crm/backend/internal/service/report_service.go:252.2,252.33 1 0
github.com/school-crm/backend/internal/service/report_service.go:256.152,281.37 3 0
github.com/school-crm/backend/internal/service/report_service.go:281.37,284.3 2 0
github.com/school-crm/backend/internal/service/report_service.go:286.2,289.16 3 0
github.com/school-crm/backend/internal/service/report_service.go:289.16,291.3 1 0
github.com/school-crm/backend/internal/service/report_service.go:292.2,295.18 3 0
github.com/school-crm/backend/internal/service/report_service.go:295.18,310.17 2 0
github.com/school-crm/backend/internal/service/report_service.go:310.17,312.4 1 0
github.com/school-crm/backend/internal/service/report_service.go:313.3,313.30 1 0
github.com/school-crm/backend/internal/service/report_service.go:316.2,316.26 1 0
github.com/school-crm/backend/internal/service/report_service.go:320.148,338.39 3 0
github.com/school-crm/backend/internal/service/report_service.go:338.39,341.3 2 0
github.com/school-crm/backend/internal/service/report_service.go:343.2,347.16 4 0
github.com/school-crm/backend/internal/service/report_service.go:347.16,349.3 1 0
github.com/school-crm/backend/internal/service/report_service.go:350.2,353.18 3 0
github.com/school-crm/backend/internal/service/report_service.go:353.18,363.98 2 0
github.com/school-crm/backend/internal/service/report_service.go:363.98,365.4 1 0
github.com/school-crm/backend/internal/service/report_service.go:367.3,368.20 2 0
github.com/school-crm/backend/internal/service/report_service.go:368.20,370.4 1 0
github.com/school-crm/backend/internal/service/report_service.go:372.3,372.20 1 0
github.com/school-crm/backend/internal/service/report_service.go:372.20,386.4 2 0
github.com/school-crm/backend/internal/service/report_service.go:389.2,389.26 1 0
github.com/school-crm/backend/internal/service/report_service.go:393.157,416.41 3 0
github.com/school-crm/backend/internal/service/report_service.go:416.41,419.3 2 0
github.com/school-crm/backend/internal/service/report_service.go:421.2,424.16 3 0
github.com/school-crm/backend/internal/service/report_service.go:424.16,426.3 1 0
github.com/school-crm/backend/internal/service/report_service.go:427.2,430.18 3 0
github.com/school-crm/backend/internal/service/report_service.go:430.18,444.17 2 0
github.com/school-crm/backend/internal/service/report_service.go:444.17,446.4 1 0
github.com/school-crm/backend/internal/service/report_service.go:447.3,447.30 1 0
github.com/school-crm/backend/internal/service/report_service.go:450.2,450.26 1 0
github.com/school-crm/backend/internal/service/report_service.go:454.140,470.40 4 0
github.com/school-crm/backend/internal/service/report_service.go:470.40,472.3 1 0
github.com/school-crm/backend/internal/service/report_service.go:475.2,483.40 4 0
github.com/school-crm/backend/internal/service/report_service.go:483.40,485.3 1 0
github.com/school-crm/backend/internal/service/report_service.go:488.2,496.40 4 0
github.com/school-crm/backend/internal/service/report_service.go:496.40,498.3 1 0
github.com/school-crm/backend/internal/service/report_service.go:501.2,510.16 4 0
github.com/school-crm/backend/internal/service/report_service.go:510.16,512.3 1 0
github.com/school-crm/backend/internal/service/report_service.go:513.2,515.18 2 0
github.com/school-crm/backend/internal/service/report_service.go:515.18,518.53 3 0
github.com/school-crm/backend/internal/service/report_service.go:518.53,520.4 1 0
github.com/school-crm/backend/internal/service/report_service.go:521.3,521.68 1 0
github.com/school-crm/backend/internal/service/report_service.go:525.2,534.16 4 0
github.com/school-crm/backend/internal/service/report_service.go:534.16,536.3 1 0
github.com/school-crm/backend/internal/service/report_service.go:537.2,539.18 2 0
github.com/school-crm/backend/internal/service/report_service.go:539.18,542.53 3 0
github.com/school-crm/backend/internal/service/report_service.go:542.53,544.4 1 0
github.com/school-crm/backend/internal/service/report_service.go:545.3,545.36 1 0
github.com/school-crm/backend/internal/service/report_service.go:548.2,561.8 6 0
github.com/school-crm/backend/internal/service/report_service.go:565.125,575.40 4 0
github.com/school-crm/backend/internal/service/report_service.go:575.40,577.3 1 0
github.com/school-crm/backend/internal/service/report_service.go:579.2,582.40 2 0
github.com/school-crm/backend/internal/service/report_service.go:582.40,584.3 1 0
github.com/school-crm/backend/internal/service/report_service.go:586.2,589.40 2 0
github.com/school-crm/backend/internal/service/report_service.go:589.40,591.3 1 0
github.com/school-crm/backend/internal/service/report_service.go:594.2,600.40 3 0
github.com/school-crm/backend/internal/service/report_service.go:600.40,602.3 1 0
github.com/school-crm/backend/internal/service/report_service.go:605.2,611.40 3 0
github.com/school-crm/backend/internal/service/report_service.go:611.40,613.3 1 0
github.com/school-crm/backend/internal/service/report_service.go:615.2,620.40 2 0
github.com/school-crm/backend/internal/service/report_service.go:620.40,622.3 1 0
github.com/school-crm/backend/internal/service/report_service.go:624.2,641.16 9 0
github.com/school-crm/backend/internal/service/report_service.go:641.16,643.3 1 0
github.com/school-crm/backend/internal/service/report_service.go:644.2,646.18 2 0
github.com/school-crm/backend/internal/service/report_service.go:646.18,649.53 3 0
github.com/school-crm/backend/internal/service/report_service.go:649.53,651.4 1 0
github.com/school-crm/backend/internal/service/report_service.go:652.3,652.48 1 0
github.com/school-crm/backend/internal/service/report_service.go:653.15,654.23 1 0
github.com/school-crm/backend/internal/service/report_service.go:655.16,656.24 1 0
github.com/school-crm/backend/internal/service/report_service.go:657.15,658.23 1 0
github.com/school-crm/backend/internal/service/report_service.go:663.2,669.40 3 0
github.com/school-crm/backend/internal/service/report_service.go:669.40,671.3 1 0
github.com/school-crm/backend/internal/service/report_service.go:673.2,678.40 2 0
github.com/school-crm/backend/internal/service/report_service.go:678.40,680.3 1 0
github.com/school-crm/backend/internal/service/report_service.go:682.2,687.40 2 0
github.com/school-crm/backend/internal/service/report_service.go:687.40,689.3 1 0
github.com/school-crm/backend/internal/service/report_service.go:692.2,698.40 3 0
github.com/school-crm/backend/internal/service/report_service.go:698.40,700.3 1 0
github.com/school-crm/backend/internal/service/report_service.go:702.2,707.40 2 0
github.com/school-crm/backend/internal/service/report_service.go:707.40,709.3 1 0
github.com/school-crm/backend/internal/service/report_service.go:711.2,716.40 2 0
github.com/school-crm/backend/internal/service/report_service.go:716.40,718.3 1 0
github.com/school-crm/backend/internal/service/report_service.go:721.2,747.40 10 0
github.com/school-crm/backend/internal/service/report_service.go:747.40,749.3 1 0
github.com/school-crm/backend/internal/service/report_service.go:752.2,763.40 4 0
github.com/school-crm/backend/internal/service/report_service.go:763.40,765.3 1 0
github.com/school-crm/backend/internal/service/report_service.go:768.2,772.16 2 0
github.com/school-crm/backend/internal/service/report_service.go:772.16,774.3 1 0
github.com/school-crm/backend/internal/service/report_service.go:777.2,781.16 2 0
github.com/school-crm/backend/internal/service/report_service.go:781.16,783.3 1 0
github.com/school-crm/backend/internal/service/report_service.go:786.2,790.16 2 0
github.com/school-crm/backend/internal/service/report_service.go:790.16,792.3 1 0
github.com/school-crm/backend/internal/service/report_service.go:796.2,807.40 3 0
github.com/school-crm/backend/internal/service/report_service.go:807.40,809.3 1 0
github.com/school-crm/backend/internal/service/report_service.go:810.2,811.36 2 0
github.com/school-crm/backend/internal/service/report_service.go:811.36,813.27 2 0
github.com/school-crm/backend/internal/service/report_service.go:813.27,815.4 1 0
github.com/school-crm/backend/internal/service/report_service.go:819.2,821.20 3 0
github.com/school-crm/backend/internal/service/report_service.go:821.20,824.3 2 0
github.com/school-crm/backend/internal/service/report_service.go:825.2,835.40 4 0
github.com/school-crm/backend/internal/service/report_service.go:835.40,837.3 1 0
github.com/school-crm/backend/internal/service/report_service.go:839.2,846.40 2 0
github.com/school-crm/backend/internal/service/report_service.go:846.40,848.3 1 0
github.com/school-crm/backend/internal/service/report_service.go:851.2,859.40 3 0
github.com/school-crm/backend/internal/service/report_service.go:859.40,861.3 1 0
github.com/school-crm/backend/internal/service/report_service.go:862.2,863.29 2 0
github.com/school-crm/backend/internal/service/report_service.go:863.29,865.3 1 0
github.com/school-crm/backend/internal/service/report_service.go:868.2,886.16 2 0
github.com/school-crm/backend/internal/service/report_service.go:886.16,888.3 1 0
github.com/school-crm/backend/internal/service/report_service.go:889.2,892.31 3 0
github.com/school-crm/backend/internal/service/report_service.go:892.31,894.93 2 0
github.com/school-crm/backend/internal/service/report_service.go:894.93,896.4 1 0
github.com/school-crm/backend/internal/service/report_service.go:897.3,897.46 1 0
github.com/school-crm/backend/internal/service/report_service.go:901.2,915.16 2 0
github.com/school-crm/backend/internal/service/report_service.go:915.16,917.3 1 0
github.com/school-crm/backend/internal/service/report_service.go:918.2,921.28 3 0
github.com/school-crm/backend/internal/service/report_service.go:921.28,923.117 2 0
github.com/school-crm/backend/internal/service/report_service.go:923.117,925.4 1 0
github.com/school-crm/backend/internal/service/report_service.go:926.3,926.40 1 0
github.com/school-crm/backend/internal/service/report_service.go:929.2,956.8 1 0
github.com/school-crm/backend/internal/service/report_service.go:987.119,996.40 4 0
github.com/school-crm/backend/internal/service/report_service.go:996.40,998.3 1 0
github.com/school-crm/backend/internal/service/report_service.go:1000.2,1001.21 2 0
github.com/school-crm/backend/internal/service/report_service.go:1001.21,1003.3 1 0
github.com/school-crm/backend/internal/service/report_service.go:1006.2,1012.40 3 0
github.com/school-crm/backend/internal/service/report_service.go:1012.40,1014.3 1 0
github.com/school-crm/backend/internal/service/report_service.go:1017.2,1026.40 4 0
github.com/school-crm/backend/internal/service/report_service.go:1026.40,1028.3 1 0
github.com/school-crm/backend/internal/service/report_service.go:1030.2,1040.40 3 0
github.com/school-crm/backend/internal/service/report_service.go:1040.40,1042.3 1 0
github.com/school-crm/backend/internal/service/report_service.go:1045.2,1046.32 2 0
github.com/school-crm/backend/internal/service/report_service.go:1046.32,1048.3 1 0
github.com/school-crm/backend/internal/service/report_service.go:1051.2,1052.26 2 0
github.com/school-crm/backend/internal/service/report_service.go:1052.26,1055.14 3 0
github.com/school-crm/backend/internal/service/report_service.go:1055.14,1058.4 2 0
github.com/school-crm/backend/internal/service/report_service.go:1059.3,1088.5 7 0
github.com/school-crm/backend/internal/service/report_service.go:1091.2,1101.8 1 0
github.com/school-crm/backend/internal/service/report_service.go:1126.130,1127.25 1 0
github.com/school-crm/backend/internal/service/report_service.go:1127.25,1129.3 1 0
github.com/school-crm/backend/internal/service/report_service.go:1131.2,1138.32 7 0
github.com/school-crm/backend/internal/service/report_service.go:1138.32,1178.27 11 0
github.com/school-crm/backend/internal/service/report_service.go:1178.27,1180.18 2 0
github.com/school-crm/backend/internal/service/report_service.go:1180.18,1182.5 1 0
github.com/school-crm/backend/internal/service/report_service.go:1183.4,1183.30 1 0
github.com/school-crm/backend/internal/service/report_service.go:1186.3,1188.32 3 0
github.com/school-crm/backend/internal/service/report_service.go:1188.32,1191.4 2 0
github.com/school-crm/backend/internal/service/report_service.go:1193.3,1193.30 1 0
github.com/school-crm/backend/internal/service/report_service.go:1196.2,1203.17 2 0
github.com/school-crm/backend/internal/service/report_service.go:1203.17,1206.3 2 0
github.com/school-crm/backend/internal/service/report_service.go:1207.2,1207.22 1 0
github.com/school-crm/backend/internal/service/salary_service.go:21.87,23.2 1 0
github.com/school-crm/backend/internal/service/salary_service.go:37.121,39.46 1 0
github.com/school-crm/backend/internal/service/salary_service.go:39.46,41.17 2 0
github.com/school-crm/backend/internal/service/salary_service.go:41.17,43.4 1 0
github.com/school-crm/backend/internal/service/salary_service.go:44.3,44.59 1 0
github.com/school-crm/backend/internal/service/salary_service.go:44.59,46.4 1 0
github.com/school-crm/backend/internal/service/salary_service.go:49.2,70.20 4 0
github.com/school-crm/backend/internal/service/salary_service.go:73.89,83.26 4 0
github.com/school-crm/backend/internal/service/salary_service.go:83.26,85.3 1 0
github.com/school-crm/backend/internal/service/salary_service.go:86.2,86.20 1 0
github.com/school-crm/backend/internal/service/salary_service.go:89.102,94.16 3 0
github.com/school-crm/backend/internal/service/salary_service.go:94.16,96.3 1 0
github.com/school-crm/backend/internal/service/salary_service.go:97.2,100.18 3 0
github.com/school-crm/backend/internal/service/salary_service.go:100.18,103.144 2 0
github.com/school-crm/backend/internal/service/salary_service.go:103.144,105.4 1 0
github.com/school-crm/backend/internal/service/salary_service.go:106.3,106.38 1 0
github.com/school-crm/backend/internal/service/salary_service.go:109.2,109.29 1 0
github.com/school-crm/backend/internal/service/salary_service.go:112.134,114.24 1 0
github.com/school-crm/backend/internal/service/salary_service.go:114.24,116.17 2 0
github.com/school-crm/backend/internal/service/salary_service.go:116.17,118.4 1 0
github.com/school-crm/backend/internal/service/salary_service.go:119.3,120.17 2 0
github.com/school-crm/backend/internal/service/salary_service.go:120.17,122.4 1 0
github.com/school-crm/backend/internal/service/salary_service.go:123.3,124.25 2 0
github.com/school-crm/backend/internal/service/salary_service.go:124.25,126.4 1 0
github.com/school-crm/backend/internal/service/salary_service.go:129.2,135.34 5 0
github.com/school-crm/backend/internal/service/salary_service.go:135.34,136.19 1 0
github.com/school-crm/backend/internal/service/salary_service.go:136.19,138.4 1 0
github.com/school-crm/backend/internal/service/salary_service.go:139.3,141.13 3 0
github.com/school-crm/backend/internal/service/salary_service.go:144.2,148.16 4 0
github.com/school-crm/backend/internal/service/salary_service.go:148.16,150.3 1 0
github.com/school-crm/backend/internal/service/salary_service.go:152.2,152.27 1 0
github.com/school-crm/backend/internal/service/salary_service.go:155.70,159.2 3 0
github.com/school-crm/backend/internal/service/salary_service.go:161.135,166.16 3 0
github.com/school-crm/backend/internal/service/salary_service.go:166.16,168.3 1 0
github.com/school-crm/backend/internal/service/salary_service.go:169.2,172.18 3 0
github.com/school-crm/backend/internal/service/salary_service.go:172.18,175.144 2 0
github.com/school-crm/backend/internal/service/salary_service.go:175.144,177.4 1 0
github.com/school-crm/backend/internal/service/salary_service.go:178.3,178.38 1 0
github.com/school-crm/backend/internal/service/salary_service.go:181.2,181.29 1 0
github.com/school-crm/backend/internal/service/schedule_service.go:17.65,19.2 1 0
github.com/school-crm/backend/internal/service/schedule_service.go:21.106,31.16 2 0
github.com/school-crm/backend/internal/service/schedule_service.go:31.16,33.3 1 0
github.com/school-crm/backend/internal/service/schedule_service.go:34.2,37.18 3 0
github.com/school-crm/backend/internal/service/schedule_service.go:37.18,43.17 2 0
github.com/school-crm/backend/internal/service/schedule_service.go:43.17,45.4 1 0
github.com/school-crm/backend/internal/service/schedule_service.go:46.3,46.30 1 0
github.com/school-crm/backend/internal/service/schedule_service.go:48.2,48.18 1 0
github.com/school-crm/backend/internal/service/schedule_service.go:48.18,50.3 1 0
github.com/school-crm/backend/internal/service/schedule_service.go:51.2,51.26 1 0
github.com/school-crm/backend/internal/service/schedule_service.go:54.108,64.16 2 0
github.com/school-crm/backend/internal/service/schedule_service.go:64.16,66.3 1 0
github.com/school-crm/backend/internal/service/schedule_service.go:67.2,70.18 3 0
github.com/school-crm/backend/internal/service/schedule_service.go:70.18,76.17 2 0
github.com/school-crm/backend/internal/service/schedule_service.go:76.17,78.4 1 0
github.com/school-crm/backend/internal/service/schedule_service.go:79.3,79.30 1 0
github.com/school-crm/backend/internal/service/schedule_service.go:81.2,81.18 1 0
github.com/school-crm/backend/internal/service/schedule_service.go:81.18,83.3 1 0
github.com/school-crm/backend/internal/service/schedule_service.go:84.2,84.26 1 0
github.com/school-crm/backend/internal/service/schedule_service.go:87.124,107.16 5 0
github.com/school-crm/backend/internal/service/schedule_service.go:107.16,109.3 1 0
github.com/school-crm/backend/internal/service/schedule_service.go:110.2,110.19 1 0
github.com/school-crm/backend/internal/service/schedule_service.go:113.82,116.16 2 0
github.com/school-crm/backend/internal/service/schedule_service.go:116.16,118.3 1 0
github.com/school-crm/backend/internal/service/schedule_service.go:119.2,120.12 2 0
github.com/school-crm/backend/internal/service/schedule_service.go:120.12,122.3 1 0
github.com/school-crm/backend/internal/service/schedule_service.go:123.2,123.12 1 0
github.com/school-crm/backend/internal/service/student_notes_service.go:16.73,18.2 1 0
github.com/school-crm/backend/internal/service/student_notes_service.go:22.120,30.16 2 0
github.com/school-crm/backend/internal/service/student_notes_service.go:30.16,32.3 1 0
github.com/school-crm/backend/internal/service/student_notes_service.go:33.2,36.18 3 0
github.com/school-crm/backend/internal/service/student_notes_service.go:36.18,41.17 2 0
github.com/school-crm/backend/internal/service/student_notes_service.go:41.17,43.4 1 0
github.com/school-crm/backend/internal/service/student_notes_service.go:44.3,44.27 1 0
github.com/school-crm/backend/internal/service/student_notes_service.go:46.2,46.18 1 0
github.com/school-crm/backend/internal/service/student_notes_service.go:46.18,48.3 1 0
github.com/school-crm/backend/internal/service/student_notes_service.go:49.2,49.26 1 0
github.com/school-crm/backend/internal/service/student_notes_service.go:52.154,62.16 3 0
github.com/school-crm/backend/internal/service/student_notes_service.go:62.16,64.3 1 0
github.com/school-crm/backend/internal/service/student_notes_service.go:65.2,65.19 1 0
github.com/school-crm/backend/internal/service/student_notes_service.go:68.94,73.16 2 0
github.com/school-crm/backend/internal/service/student_notes_service.go:73.16,75.3 1 0
github.com/school-crm/backend/internal/service/student_notes_service.go:76.2,77.12 2 0
github.com/school-crm/backend/internal/service/student_notes_service.go:77.12,79.3 1 0
github.com/school-crm/backend/internal/service/student_notes_service.go:80.2,80.12 1 0
github.com/school-crm/backend/internal/service/student_notes_service.go:85.129,93.16 2 0
github.com/school-crm/backend/internal/service/student_notes_service.go:93.16,95.3 1 0
github.com/school-crm/backend/internal/service/student_notes_service.go:96.2,99.18 3 0
github.com/school-crm/backend/internal/service/student_notes_service.go:99.18,104.17 2 0
github.com/school-crm/backend/internal/service/student_notes_service.go:104.17,106.4 1 0
github.com/school-crm/backend/internal/service/student_notes_service.go:107.3,107.31 1 0
github.com/school-crm/backend/internal/service/student_notes_service.go:109.2,109.20 1 0
github.com/school-crm/backend/internal/service/student_notes_service.go:109.20,111.3 1 0
github.com/school-crm/backend/internal/service/student_notes_service.go:112.2,112.28 1 0
github.com/school-crm/backend/internal/service/student_notes_service.go:115.199,117.23 2 0
github.com/school-crm/backend/internal/service/student_notes_service.go:117.23,119.3 1 0
github.com/school-crm/backend/internal/service/student_notes_service.go:120.2,121.19 2 0
github.com/school-crm/backend/internal/service/student_notes_service.go:121.19,123.3 1 0
github.com/school-crm/backend/internal/service/student_notes_service.go:125.2,126.27 2 0
github.com/school-crm/backend/internal/service/student_notes_service.go:126.27,128.17 2 0
github.com/school-crm/backend/internal/service/student_notes_service.go:128.17,131.18 2 0
github.com/school-crm/backend/internal/service/student_notes_service.go:131.18,133.5 1 0
github.com/school-crm/backend/internal/service/student_notes_service.go:135.3,135.23 1 0
github.com/school-crm/backend/internal/service/student_notes_service.go:135.23,137.4 1 0
github.com/school-crm/backend/internal/service/student_notes_service.go:140.2,149.16 3 0
github.com/school-crm/backend/internal/service/student_notes_service.go:149.16,151.3 1 0
github.com/school-crm/backend/internal/service/student_notes_service.go:152.2,152.20 1 0
github.com/school-crm/backend/internal/service/student_notes_service.go:155.101,160.16 2 0
github.com/school-crm/backend/internal/service/student_notes_service.go:160.16,162.3 1 0
github.com/school-crm/backend/internal/service/student_notes_service.go:163.2,164.12 2 0
github.com/school-crm/backend/internal/service/student_notes_service.go:164.12,166.3 1 0
github.com/school-crm/backend/internal/service/student_notes_service.go:167.2,167.12 1 0
github.com/school-crm/backend/internal/service/student_service.go:24.92,26.2 1 0
github.com/school-crm/backend/internal/service/student_service.go:29.52,29.67 1 0
github.com/school-crm/backend/internal/service/student_service.go:57.106,59.43 1 0
github.com/school-crm/backend/internal/service/student_service.go:59.43,61.34 2 0
github.com/school-crm/backend/internal/service/student_service.go:61.34,62.90 1 0
github.com/school-crm/backend/internal/service/student_service.go:62.90,64.5 1 0
github.com/school-crm/backend/internal/service/student_service.go:68.2,69.46 2 0
github.com/school-crm/backend/internal/service/student_service.go:69.46,71.3 1 0
github.com/school-crm/backend/internal/service/student_service.go:73.2,74.22 2 0
github.com/school-crm/backend/internal/service/student_service.go:74.22,76.3 1 0
github.com/school-crm/backend/internal/service/student_service.go:77.2,77.28 1 0
github.com/school-crm/backend/internal/service/student_service.go:77.28,79.3 1 0
github.com/school-crm/backend/internal/service/student_service.go:81.2,95.20 2 0
github.com/school-crm/backend/internal/service/student_service.go:95.20,97.3 1 0
github.com/school-crm/backend/internal/service/student_service.go:99.2,104.34 3 0
github.com/school-crm/backend/internal/service/student_service.go:104.34,106.3 1 0
github.com/school-crm/backend/internal/service/student_service.go:108.2,108.21 1 0
github.com/school-crm/backend/internal/service/student_service.go:111.91,122.26 5 0
github.com/school-crm/backend/internal/service/student_service.go:122.26,124.3 1 0
github.com/school-crm/backend/internal/service/student_service.go:125.2,125.16 1 0
github.com/school-crm/backend/internal/service/student_service.go:125.16,127.3 1 0
github.com/school-crm/backend/internal/service/student_service.go:129.2,129.20 1 0
github.com/school-crm/backend/internal/service/student_service.go:129.20,131.3 1 0
github.com/school-crm/backend/internal/service/student_service.go:132.2,132.21 1 0
github.com/school-crm/backend/internal/service/student_service.go:135.128,140.16 4 0
github.com/school-crm/backend/internal/service/student_service.go:140.16,142.3 1 0
github.com/school-crm/backend/internal/service/student_service.go:145.2,151.16 4 0
github.com/school-crm/backend/internal/service/student_service.go:151.16,153.3 1 0
github.com/school-crm/backend/internal/service/student_service.go:154.2,157.18 3 0
github.com/school-crm/backend/internal/service/student_service.go:157.18,161.187 3 0
github.com/school-crm/backend/internal/service/student_service.go:161.187,163.4 1 0
github.com/school-crm/backend/internal/service/student_service.go:164.3,164.21 1 0
github.com/school-crm/backend/internal/service/student_service.go:164.21,166.4 1 0
github.com/school-crm/backend/internal/service/student_service.go:167.3,167.39 1 0
github.com/school-crm/backend/internal/service/student_service.go:170.2,170.36 1 0
github.com/school-crm/backend/internal/service/student_service.go:173.122,179.34 5 0
github.com/school-crm/backend/internal/service/student_service.go:179.34,180.19 1 0
github.com/school-crm/backend/internal/service/student_service.go:180.19,182.4 1 0
github.com/school-crm/backend/internal/service/student_service.go:183.3,185.13 3 0
github.com/school-crm/backend/internal/service/student_service.go:188.2,192.16 4 0
github.com/school-crm/backend/internal/service/student_service.go:192.16,194.3 1 0
github.com/school-crm/backend/internal/service/student_service.go:196.2,197.34 2 0
github.com/school-crm/backend/internal/service/student_service.go:197.34,199.3 1 0
github.com/school-crm/backend/internal/service/student_service.go:200.2,200.21 1 0
github.com/school-crm/backend/internal/service/student_service.go:203.71,209.52 5 0
github.com/school-crm/backend/internal/service/student_service.go:209.52,211.3 1 0
github.com/school-crm/backend/internal/service/student_service.go:212.2,212.12 1 0
github.com/school-crm/backend/internal/service/student_service.go:215.132,217.20 1 0
github.com/school-crm/backend/internal/service/student_service.go:217.20,221.57 3 0
github.com/school-crm/backend/internal/service/student_service.go:221.57,223.4 1 0
github.com/school-crm/backend/internal/service/student_service.go:224.3,225.34 2 0
github.com/school-crm/backend/internal/service/student_service.go:225.34,227.4 1 0
github.com/school-crm/backend/internal/service/student_service.go:228.3,228.21 1 0
github.com/school-crm/backend/internal/service/student_service.go:230.2,230.46 1 0
github.com/school-crm/backend/internal/service/student_service.go:233.134,235.31 2 0
github.com/school-crm/backend/internal/service/student_service.go:235.31,237.3 1 0
github.com/school-crm/backend/internal/service/student_service.go:239.2,240.32 2 0
github.com/school-crm/backend/internal/service/student_service.go:240.32,242.3 1 0
github.com/school-crm/backend/internal/service/student_service.go:244.2,250.20 5 0
github.com/school-crm/backend/internal/service/student_service.go:250.20,252.3 1 0
github.com/school-crm/backend/internal/service/student_service.go:253.2,253.19 1 0
github.com/school-crm/backend/internal/service/student_service.go:253.19,254.69 1 0
github.com/school-crm/backend/internal/service/student_service.go:254.69,256.4 1 0
github.com/school-crm/backend/internal/service/student_service.go:259.2,272.18 9 0
github.com/school-crm/backend/internal/service/student_service.go:272.18,279.3 3 0
github.com/school-crm/backend/internal/service/student_service.go:281.2,281.18 1 0
github.com/school-crm/backend/internal/service/student_service.go:281.18,285.3 3 0
github.com/school-crm/backend/internal/service/student_service.go:287.2,287.19 1 0
github.com/school-crm/backend/internal/service/student_service.go:287.19,291.3 3 0
github.com/school-crm/backend/internal/service/student_service.go:293.2,293.25 1 0
github.com/school-crm/backend/internal/service/student_service.go:293.25,297.3 3 0
github.com/school-crm/backend/internal/service/student_service.go:302.2,327.99 6 0
github.com/school-crm/backend/internal/service/student_service.go:327.99,329.3 1 0
github.com/school-crm/backend/internal/service/student_service.go:334.2,378.16 4 0
github.com/school-crm/backend/internal/service/student_service.go:378.16,380.3 1 0
github.com/school-crm/backend/internal/service/student_service.go:381.2,385.18 3 0
github.com/school-crm/backend/internal/service/student_service.go:385.18,409.17 6 0
github.com/school-crm/backend/internal/service/student_service.go:409.17,411.4 1 0
github.com/school-crm/backend/internal/service/student_service.go:413.3,413.20 1 0
github.com/school-crm/backend/internal/service/student_service.go:413.20,418.4 1 0
github.com/school-crm/backend/internal/service/student_service.go:418.9,423.4 1 0
github.com/school-crm/backend/internal/service/student_service.go:425.3,430.37 2 0
github.com/school-crm/backend/internal/service/student_service.go:435.2,442.16 3 0
github.com/school-crm/backend/internal/service/student_service.go:442.16,444.3 1 0
github.com/school-crm/backend/internal/service/student_service.go:445.2,448.23 3 0
github.com/school-crm/backend/internal/service/student_service.go:448.23,450.72 2 0
github.com/school-crm/backend/internal/service/student_service.go:450.72,452.4 1 0
github.com/school-crm/backend/internal/service/student_service.go:453.3,453.39 1 0
github.com/school-crm/backend/internal/service/student_service.go:456.2,462.8 1 0
github.com/school-crm/backend/internal/service/student_service.go:466.122,475.18 3 0
github.com/school-crm/backend/internal/service/student_service.go:475.18,478.3 2 0
github.com/school-crm/backend/internal/service/student_service.go:480.2,483.16 3 0
github.com/school-crm/backend/internal/service/student_service.go:483.16,485.3 1 0
github.com/school-crm/backend/internal/service/student_service.go:486.2,489.18 3 0
github.com/school-crm/backend/internal/service/student_service.go:489.18,494.17 2 0
github.com/school-crm/backend/internal/service/student_service.go:494.17,496.4 1 0
github.com/school-crm/backend/internal/service/student_service.go:497.3,497.33 1 0
github.com/school-crm/backend/internal/service/student_service.go:500.2,500.34 1 0
github.com/school-crm/backend/internal/service/student_service.go:500.34,502.3 1 0
github.com/school-crm/backend/internal/service/student_service.go:504.2,504.22 1 0
github.com/school-crm/backend/internal/service/subscription_service.go:19.73,21.2 1 0
github.com/school-crm/backend/internal/service/subscription_service.go:24.57,24.72 1 0
github.com/school-crm/backend/internal/service/subscription_service.go:29.108,38.16 3 0
github.com/school-crm/backend/internal/service/subscription_service.go:38.16,40.3 1 0
github.com/school-crm/backend/internal/service/subscription_service.go:41.2,44.18 3 0
github.com/school-crm/backend/internal/service/subscription_service.go:44.18,47.136 2 0
github.com/school-crm/backend/internal/service/subscription_service.go:47.136,49.4 1 0
github.com/school-crm/backend/internal/service/subscription_service.go:50.3,50.30 1 0
github.com/school-crm/backend/internal/service/subscription_service.go:53.2,53.34 1 0
github.com/school-crm/backend/internal/service/subscription_service.go:53.34,55.3 1 0
github.com/school-crm/backend/internal/service/subscription_service.go:57.2,57.19 1 0
github.com/school-crm/backend/internal/service/subscription_service.go:61.117,79.26 4 0
github.com/school-crm/backend/internal/service/subscription_service.go:79.26,81.3 1 0
github.com/school-crm/backend/internal/service/subscription_service.go:82.2,82.16 1 0
github.com/school-crm/backend/internal/service/subscription_service.go:82.16,84.3 1 0
github.com/school-crm/backend/internal/service/subscription_service.go:86.2,86.18 1 0
github.com/school-crm/backend/internal/service/subscription_service.go:92.103,94.28 2 0
github.com/school-crm/backend/internal/service/subscription_service.go:94.28,96.3 1 0
github.com/school-crm/backend/internal/service/subscription_service.go:97.2,101.20 3 0
github.com/school-crm/backend/internal/service/subscription_service.go:101.20,103.3 1 0
github.com/school-crm/backend/internal/service/subscription_service.go:105.2,114.16 2 0
github.com/school-crm/backend/internal/service/subscription_service.go:114.16,116.3 1 0
github.com/school-crm/backend/internal/service/subscription_service.go:118.2,118.12 1 0
github.com/school-crm/backend/internal/service/subscription_service.go:122.114,130.16 3 0
github.com/school-crm/backend/internal/service/subscription_service.go:130.16,132.3 1 0
github.com/school-crm/backend/internal/service/subscription_service.go:134.2,134.20 1 0
github.com/school-crm/backend/internal/service/subscription_service.go:134.20,137.19 3 0
github.com/school-crm/backend/internal/service/subscription_service.go:137.19,139.4 1 0
github.com/school-crm/backend/internal/service/subscription_service.go:142.2,142.12 1 0
github.com/school-crm/backend/internal/service/subscription_service.go:146.108,154.16 3 0
github.com/school-crm/backend/internal/service/subscription_service.go:154.16,156.3 1 0
github.com/school-crm/backend/internal/service/subscription_service.go:158.2,158.36 1 0
github.com/school-crm/backend/internal/service/subscription_service.go:158.36,160.3 1 0
github.com/school-crm/backend/internal/service/subscription_service.go:162.2,162.12 1 0
github.com/school-crm/backend/internal/service/subscription_service.go:166.132,174.16 3 0
github.com/school-crm/backend/internal/service/subscription_service.go:174.16,176.3 1 0
github.com/school-crm/backend/internal/service/subscription_service.go:177.2,180.18 3 0
github.com/school-crm/backend/internal/service/subscription_service.go:180.18,182.164 2 0
github.com/school-crm/backend/internal/service/subscription_service.go:182.164,184.4 1 0
github.com/school-crm/backend/internal/service/subscription_service.go:185.3,185.33 1 0
github.com/school-crm/backend/internal/service/subscription_service.go:188.2,188.27 1 0
github.com/school-crm/backend/internal/service/subscription_service.go:192.132,200.16 3 0
github.com/school-crm/backend/internal/service/subscription_service.go:200.16,202.3 1 0
github.com/school-crm/backend/internal/service/subscription_service.go:204.2,204.12 1 0
github.com/school-crm/backend/internal/service/subscription_service.go:208.109,216.32 3 0
github.com/school-crm/backend/internal/service/subscription_service.go:216.32,218.3 1 0
github.com/school-crm/backend/internal/service/subscription_service.go:220.2,225.16 2 0
github.com/school-crm/backend/internal/service/subscription_service.go:225.16,227.3 1 0
github.com/school-crm/backend/internal/service/subscription_service.go:229.2,229.12 1 0
github.com/school-crm/backend/internal/service/subscription_service.go:233.137,242.16 3 0
github.com/school-crm/backend/internal/service/subscription_service.go:242.16,244.3 1 0
github.com/school-crm/backend/internal/service/subscription_service.go:245.2,248.18 3 0
github.com/school-crm/backend/internal/service/subscription_service.go:248.18,252.56 2 0
github.com/school-crm/backend/internal/service/subscription_service.go:252.56,254.4 1 0
github.com/school-crm/backend/internal/service/subscription_service.go:255.3,255.39 1 0
github.com/school-crm/backend/internal/service/subscription_service.go:258.2,258.29 1 0
github.com/school-crm/backend/internal/service/subscription_service.go:262.113,269.16 4 0
github.com/school-crm/backend/internal/service/subscription_service.go:269.16,271.3 1 0
github.com/school-crm/backend/internal/service/subscription_service.go:273.2,273.50 1 0
github.com/school-crm/backend/internal/service/subscription_service.go:273.50,280.3 3 0
github.com/school-crm/backend/internal/service/subscription_service.go:282.2,282.19 1 0
github.com/school-crm/backend/internal/service/subscription_service.go:286.112,297.16 3 0
github.com/school-crm/backend/internal/service/subscription_service.go:297.16,299.3 1 0
github.com/school-crm/backend/internal/service/subscription_service.go:301.2,301.12 1 0
github.com/school-crm/backend/internal/service/subscription_service.go:305.112,318.16 3 0
github.com/school-crm/backend/internal/service/subscription_service.go:318.16,320.3 1 0
github.com/school-crm/backend/internal/service/subscription_service.go:322.2,322.12 1 0
github.com/school-crm/backend/internal/service/subscription_service.go:326.96,332.16 3 0
github.com/school-crm/backend/internal/service/subscription_service.go:332.16,334.3 1 0
github.com/school-crm/backend/internal/service/subscription_service.go:336.2,336.12 1 0
github.com/school-crm/backend/internal/service/subscription_service.go:345.115,361.16 3 0
github.com/school-crm/backend/internal/service/subscription_service.go:361.16,363.3 1 0
github.com/school-crm/backend/internal/service/subscription_service.go:364.2,367.18 3 0
github.com/school-crm/backend/internal/service/subscription_service.go:367.18,375.17 2 0
github.com/school-crm/backend/internal/service/subscription_service.go:375.17,377.4 1 0
github.com/school-crm/backend/internal/service/subscription_service.go:378.3,378.29 1 0
github.com/school-crm/backend/internal/service/subscription_service.go:380.2,380.27 1 0
github.com/school-crm/backend/internal/service/subscription_service.go:384.123,405.26 4 0
github.com/school-crm/backend/internal/service/subscription_service.go:405.26,407.3 1 0
github.com/school-crm/backend/internal/service/subscription_service.go:408.2,408.16 1 0
github.com/school-crm/backend/internal/service/subscription_service.go:408.16,410.3 1 0
github.com/school-crm/backend/internal/service/subscription_service.go:411.2,411.16 1 0
github.com/school-crm/backend/internal/service/subscription_service.go:415.159,418.35 3 0
github.com/school-crm/backend/internal/service/subscription_service.go:418.35,420.3 1 0
github.com/school-crm/backend/internal/service/subscription_service.go:421.2,421.22 1 0
github.com/school-crm/backend/internal/service/subscription_service.go:421.22,423.3 1 0
github.com/school-crm/backend/internal/service/subscription_service.go:425.2,432.16 3 0
github.com/school-crm/backend/internal/service/subscription_service.go:432.16,434.3 1 0
github.com/school-crm/backend/internal/service/subscription_service.go:435.2,435.40 1 0
github.com/school-crm/backend/internal/service/subscription_service.go:443.170,445.72 1 0
github.com/school-crm/backend/internal/service/subscription_service.go:445.72,455.41 4 0
github.com/school-crm/backend/internal/service/subscription_service.go:455.41,457.4 1 0
github.com/school-crm/backend/internal/service/subscription_service.go:460.3,460.65 1 0
github.com/school-crm/backend/internal/service/subscription_service.go:460.65,463.33 3 0
github.com/school-crm/backend/internal/service/subscription_service.go:463.33,465.5 1 0
github.com/school-crm/backend/internal/service/subscription_service.go:465.10,467.5 1 0
github.com/school-crm/backend/internal/service/subscription_service.go:468.4,469.30 2 0
github.com/school-crm/backend/internal/service/subscription_service.go:469.30,471.5 1 0
github.com/school-crm/backend/internal/service/subscription_service.go:475.2,488.16 2 0
github.com/school-crm/backend/internal/service/subscription_service.go:488.16,490.3 1 0
github.com/school-crm/backend/internal/service/subscription_service.go:492.2,492.20 1 0
github.com/school-crm/backend/internal/service/subscription_service.go:492.20,495.19 3 0
github.com/school-crm/backend/internal/service/subscription_service.go:495.19,497.4 1 0
github.com/school-crm/backend/internal/service/subscription_service.go:500.2,500.40 1 0
github.com/school-crm/backend/internal/service/subscription_service.go:504.93,507.16 2 0
github.com/school-crm/backend/internal/service/subscription_service.go:507.16,509.3 1 0
github.com/school-crm/backend/internal/service/subscription_service.go:510.2,510.12 1 0
github.com/school-crm/backend/internal/service/subscription_service.go:514.133,538.26 5 0
github.com/school-crm/backend/internal/service/subscription_service.go:538.26,540.3 1 0
github.com/school-crm/backend/internal/service/subscription_service.go:541.2,541.16 1 0
github.com/school-crm/backend/internal/service/subscription_service.go:541.16,543.3 1 0
github.com/school-crm/backend/internal/service/subscription_service.go:544.2,544.16 1 0
github.com/school-crm/backend/internal/service/subscription_service.go:548.100,561.16 3 0
github.com/school-crm/backend/internal/service/subscription_service.go:561.16,563.3 1 0
github.com/school-crm/backend/internal/service/subscription_service.go:566.2,577.16 2 0
github.com/school-crm/backend/internal/service/subscription_service.go:577.16,579.3 1 0
github.com/school-crm/backend/internal/service/subscription_service.go:581.2,583.16 2 0
github.com/school-crm/backend/internal/service/subscription_service.go:583.16,585.3 1 0
github.com/school-crm/backend/internal/service/subscription_service.go:587.2,587.19 1 0
github.com/school-crm/backend/internal/service/subscription_service.go:594.106,595.20 1 0
github.com/school-crm/backend/internal/service/subscription_service.go:595.20,598.57 3 0
github.com/school-crm/backend/internal/service/subscription_service.go:598.57,600.4 1 0
github.com/school-crm/backend/internal/service/subscription_service.go:601.3,602.17 2 0
github.com/school-crm/backend/internal/service/subscription_service.go:602.17,604.4 1 0
github.com/school-crm/backend/internal/service/subscription_service.go:605.3,605.21 1 0
github.com/school-crm/backend/internal/service/subscription_service.go:607.2,607.50 1 0
github.com/school-crm/backend/internal/service/subscription_service.go:610.108,618.16 3 0
github.com/school-crm/backend/internal/service/subscription_service.go:618.16,620.3 1 0
github.com/school-crm/backend/internal/service/subscription_service.go:621.2,621.23 1 0
github.com/school-crm/backend/internal/service/subscription_service.go:629.106,634.43 3 0
github.com/school-crm/backend/internal/service/subscription_service.go:634.43,636.3 1 0
github.com/school-crm/backend/internal/service/subscription_service.go:637.2,637.21 1 0
github.com/school-crm/backend/internal/service/subscription_service.go:647.105,649.16 2 0
github.com/school-crm/backend/internal/service/subscription_service.go:649.16,651.3 1 0
github.com/school-crm/backend/internal/service/subscription_service.go:652.2,652.35 1 0
github.com/school-crm/backend/internal/service/subscription_service.go:652.35,655.3 1 0
github.com/school-crm/backend/internal/service/subscription_service.go:657.2,658.16 2 0
github.com/school-crm/backend/internal/service/subscription_service.go:659.18,660.34 1 0
github.com/school-crm/backend/internal/service/subscription_service.go:661.17,662.33 1 0
github.com/school-crm/backend/internal/service/subscription_service.go:663.18,664.34 1 0
github.com/school-crm/backend/internal/service/subscription_service.go:665.10,666.69 1 0
github.com/school-crm/backend/internal/service/subscription_service.go:669.2,669.21 1 0
github.com/school-crm/backend/internal/service/subscription_service.go:669.21,672.3 1 0
github.com/school-crm/backend/internal/service/subscription_service.go:673.2,676.16 3 0
github.com/school-crm/backend/internal/service/subscription_service.go:677.18,682.38 1 0
github.com/school-crm/backend/internal/service/subscription_service.go:683.17,687.38 1 0
github.com/school-crm/backend/internal/service/subscription_service.go:688.18,691.38 1 0
github.com/school-crm/backend/internal/service/subscription_service.go:693.2,693.16 1 0
github.com/school-crm/backend/internal/service/subscription_service.go:693.16,695.3 1 0
github.com/school-crm/backend/internal/service/subscription_service.go:697.2,697.27 1 0
github.com/school-crm/backend/internal/service/subscription_service.go:697.27,700.3 1 0
github.com/school-crm/backend/internal/service/subscription_service.go:701.2,701.12 1 0
github.com/school-crm/backend/internal/service/subscription_service.go:705.125,716.26 4 0
github.com/school-crm/backend/internal/service/subscription_service.go:716.26,718.3 1 0
github.com/school-crm/backend/internal/service/subscription_service.go:719.2,719.16 1 0
github.com/school-crm/backend/internal/service/subscription_service.go:719.16,721.3 1 0
github.com/school-crm/backend/internal/service/subscription_service.go:722.2,722.16 1 0
github.com/school-crm/backend/internal/service/subscription_service.go:726.111,732.16 3 0
github.com/school-crm/backend/internal/service/subscription_service.go:732.16,734.3 1 0
github.com/school-crm/backend/internal/service/subscription_service.go:735.2,738.18 3 0
github.com/school-crm/backend/internal/service/subscription_service.go:738.18,742.44 2 0
github.com/school-crm/backend/internal/service/subscription_service.go:742.44,744.4 1 0
github.com/school-crm/backend/internal/service/subscription_service.go:745.3,745.27 1 0
github.com/school-crm/backend/internal/service/subscription_service.go:747.2,747.26 1 0
github.com/school-crm/backend/internal/service/subscription_service.go:751.94,757.16 3 0
github.com/school-crm/backend/internal/service/subscription_service.go:757.16,759.3 1 0
github.com/school-crm/backend/internal/service/subscription_service.go:760.2,760.23 1 0
github.com/school-crm/backend/internal/service/subscription_service.go:766.146,768.16 2 0
github.com/school-crm/backend/internal/service/subscription_service.go:768.16,770.3 1 0
github.com/school-crm/backend/internal/service/subscription_service.go:773.2,778.16 2 0
github.com/school-crm/backend/internal/service/subscription_service.go:778.16,780.3 1 0
github.com/school-crm/backend/internal/service/subscription_service.go:782.2,783.15 2 0
github.com/school-crm/backend/internal/service/subscription_service.go:783.15,785.3 1 0
github.com/school-crm/backend/internal/service/subscription_service.go:786.2,795.16 5 0
github.com/school-crm/backend/internal/service/subscription_service.go:795.16,797.3 1 0
github.com/school-crm/backend/internal/service/subscription_service.go:800.2,803.40 2 0
github.com/school-crm/backend/internal/service/subscription_service.go:808.107,823.16 4 0
github.com/school-crm/backend/internal/service/subscription_service.go:823.16,826.3 1 0
github.com/school-crm/backend/internal/service/subscription_service.go:828.2,828.26 1 0
github.com/school-crm/backend/internal/service/subscription_service.go:828.26,830.3 1 0
github.com/school-crm/backend/internal/service/subscription_service.go:833.2,847.16 3 0
github.com/school-crm/backend/internal/service/subscription_service.go:847.16,849.3 1 0
github.com/school-crm/backend/internal/service/subscription_service.go:851.2,851.19 1 0
github.com/school-crm/backend/internal/service/teacher_portal_service.go:17.103,19.2 1 0
github.com/school-crm/backend/internal/service/teacher_portal_service.go:23.121,25.16 2 0
github.com/school-crm/backend/internal/service/teacher_portal_service.go:25.16,27.3 1 0
github.com/school-crm/backend/internal/service/teacher_portal_service.go:29.2,36.20 2 0
github.com/school-crm/backend/internal/service/teacher_portal_service.go:36.20,38.3 1 0
github.com/school-crm/backend/internal/service/teacher_portal_service.go:41.2,50.16 2 0
github.com/school-crm/backend/internal/service/teacher_portal_service.go:50.16,52.3 1 0
github.com/school-crm/backend/internal/service/teacher_portal_service.go:53.2,57.23 4 0
github.com/school-crm/backend/internal/service/teacher_portal_service.go:57.23,59.90 2 0
github.com/school-crm/backend/internal/service/teacher_portal_service.go:59.90,61.4 1 0
github.com/school-crm/backend/internal/service/teacher_portal_service.go:62.3,64.28 3 0
github.com/school-crm/backend/internal/service/teacher_portal_service.go:66.2,66.40 1 0
github.com/school-crm/backend/internal/service/teacher_portal_service.go:66.40,68.3 1 0
github.com/school-crm/backend/internal/service/teacher_portal_service.go:71.2,71.23 1 0
github.com/school-crm/backend/internal/service/teacher_portal_service.go:71.23,79.31 6 0
github.com/school-crm/backend/internal/service/teacher_portal_service.go:79.31,80.13 1 0
github.com/school-crm/backend/internal/service/teacher_portal_service.go:80.13,82.5 1 0
github.com/school-crm/backend/internal/service/teacher_portal_service.go:83.4,84.45 2 0
github.com/school-crm/backend/internal/service/teacher_portal_service.go:87.3,103.17 3 0
github.com/school-crm/backend/internal/service/teacher_portal_service.go:103.17,105.4 1 0
github.com/school-crm/backend/internal/service/teacher_portal_service.go:106.3,108.26 2 0
github.com/school-crm/backend/internal/service/teacher_portal_service.go:108.26,113.18 2 0
github.com/school-crm/backend/internal/service/teacher_portal_service.go:113.18,115.5 1 0
github.com/school-crm/backend/internal/service/teacher_portal_service.go:116.4,118.11 2 0
github.com/school-crm/backend/internal/service/teacher_portal_service.go:119.69,120.30 1 0
github.com/school-crm/backend/internal/service/teacher_portal_service.go:121.27,122.33 1 0
github.com/school-crm/backend/internal/service/teacher_portal_service.go:123.12,124.32 1 0
github.com/school-crm/backend/internal/service/teacher_portal_service.go:126.4,126.45 1 0
github.com/school-crm/backend/internal/service/teacher_portal_service.go:128.3,128.43 1 0
github.com/school-crm/backend/internal/service/teacher_portal_service.go:128.43,130.4 1 0
github.com/school-crm/backend/internal/service/teacher_portal_service.go:134.2,151.16 9 0
github.com/school-crm/backend/internal/service/teacher_portal_service.go:151.16,153.3 1 0
github.com/school-crm/backend/internal/service/teacher_portal_service.go:153.8,157.3 2 0
github.com/school-crm/backend/internal/service/teacher_portal_service.go:159.2,159.18 1 0
github.com/school-crm/backend/internal/service/teacher_portal_service.go:163.103,169.2 2 0
github.com/school-crm/backend/internal/service/teacher_service.go:25.63,27.2 1 0
github.com/school-crm/backend/internal/service/teacher_service.go:30.52,30.67 1 0
github.com/school-crm/backend/internal/service/teacher_service.go:45.106,61.16 4 0
github.com/school-crm/backend/internal/service/teacher_service.go:61.16,63.3 1 0
github.com/school-crm/backend/internal/service/teacher_service.go:64.2,66.24 2 0
github.com/school-crm/backend/internal/service/teacher_service.go:66.24,69.21 3 0
github.com/school-crm/backend/internal/service/teacher_service.go:69.21,71.4 1 0
github.com/school-crm/backend/internal/service/teacher_service.go:73.3,78.17 2 0
github.com/school-crm/backend/internal/service/teacher_service.go:78.17,80.4 1 0
github.com/school-crm/backend/internal/service/teacher_service.go:81.3,81.27 1 0
github.com/school-crm/backend/internal/service/teacher_service.go:84.2,91.16 2 0
github.com/school-crm/backend/internal/service/teacher_service.go:91.16,93.3 1 0
github.com/school-crm/backend/internal/service/teacher_service.go:95.2,95.85 1 0
github.com/school-crm/backend/internal/service/teacher_service.go:95.85,97.3 1 0
github.com/school-crm/backend/internal/service/teacher_service.go:99.2,99.36 1 0
github.com/school-crm/backend/internal/service/teacher_service.go:99.36,101.3 1 0
github.com/school-crm/backend/internal/service/teacher_service.go:103.2,103.20 1 0
github.com/school-crm/backend/internal/service/teacher_service.go:103.20,105.3 1 0
github.com/school-crm/backend/internal/service/teacher_service.go:106.2,106.21 1 0
github.com/school-crm/backend/internal/service/teacher_service.go:109.91,120.26 4 0
github.com/school-crm/backend/internal/service/teacher_service.go:120.26,122.3 1 0
github.com/school-crm/backend/internal/service/teacher_service.go:123.2,123.16 1 0
github.com/school-crm/backend/internal/service/teacher_service.go:123.16,125.3 1 0
github.com/school-crm/backend/internal/service/teacher_service.go:127.2,128.16 2 0
github.com/school-crm/backend/internal/service/teacher_service.go:128.16,130.3 1 0
github.com/school-crm/backend/internal/service/teacher_service.go:132.2,133.16 2 0
github.com/school-crm/backend/internal/service/teacher_service.go:133.16,135.3 1 0
github.com/school-crm/backend/internal/service/teacher_service.go:137.2,137.21 1 0
github.com/school-crm/backend/internal/service/teacher_service.go:140.104,141.20 1 0
github.com/school-crm/backend/internal/service/teacher_service.go:141.20,144.57 3 0
github.com/school-crm/backend/internal/service/teacher_service.go:144.57,146.4 1 0
github.com/school-crm/backend/internal/service/teacher_service.go:147.3,148.17 2 0
github.com/school-crm/backend/internal/service/teacher_service.go:148.17,150.4 1 0
github.com/school-crm/backend/internal/service/teacher_service.go:151.3,151.21 1 0
github.com/school-crm/backend/internal/service/teacher_service.go:153.2,153.41 1 0
github.com/school-crm/backend/internal/service/teacher_service.go:156.99,166.26 3 0
github.com/school-crm/backend/internal/service/teacher_service.go:166.26,168.3 1 0
github.com/school-crm/backend/internal/service/teacher_service.go:169.2,169.16 1 0
github.com/school-crm/backend/internal/service/teacher_service.go:169.16,171.3 1 0
github.com/school-crm/backend/internal/service/teacher_service.go:172.2,172.21 1 0
github.com/school-crm/backend/internal/service/teacher_service.go:175.106,180.16 2 0
github.com/school-crm/backend/internal/service/teacher_service.go:180.16,182.3 1 0
github.com/school-crm/backend/internal/service/teacher_service.go:183.2,187.18 4 0
github.com/school-crm/backend/internal/service/teacher_service.go:187.18,190.83 2 0
github.com/school-crm/backend/internal/service/teacher_service.go:190.83,192.4 1 0
github.com/school-crm/backend/internal/service/teacher_service.go:193.3,194.40 2 0
github.com/school-crm/backend/internal/service/teacher_service.go:196.2,196.35 1 0
github.com/school-crm/backend/internal/service/teacher_service.go:196.35,198.3 1 0
github.com/school-crm/backend/internal/service/teacher_service.go:200.2,200.26 1 0
github.com/school-crm/backend/internal/service/teacher_service.go:200.26,202.3 1 0
github.com/school-crm/backend/internal/service/teacher_service.go:205.2,208.16 2 0
github.com/school-crm/backend/internal/service/teacher_service.go:208.16,211.26 3 0
github.com/school-crm/backend/internal/service/teacher_service.go:211.26,213.65 2 0
github.com/school-crm/backend/internal/service/teacher_service.go:213.65,214.13 1 0
github.com/school-crm/backend/internal/service/teacher_service.go:216.4,216.66 1 0
github.com/school-crm/backend/internal/service/teacher_service.go:218.3,218.27 1 0
github.com/school-crm/backend/internal/service/teacher_service.go:218.27,220.4 1 0
github.com/school-crm/backend/internal/service/teacher_service.go:224.2,227.16 2 0
github.com/school-crm/backend/internal/service/teacher_service.go:227.16,230.24 3 0
github.com/school-crm/backend/internal/service/teacher_service.go:230.24,232.63 2 0
github.com/school-crm/backend/internal/service/teacher_service.go:232.63,233.13 1 0
github.com/school-crm/backend/internal/service/teacher_service.go:235.4,235.62 1 0
github.com/school-crm/backend/internal/service/teacher_service.go:237.3,237.27 1 0
github.com/school-crm/backend/internal/service/teacher_service.go:237.27,239.4 1 0
github.com/school-crm/backend/internal/service/teacher_service.go:242.2,242.22 1 0
github.com/school-crm/backend/internal/service/teacher_service.go:245.122,248.48 2 0
github.com/school-crm/backend/internal/service/teacher_service.go:248.48,249.48 1 0
github.com/school-crm/backend/internal/service/teacher_service.go:249.48,250.25 1 0
github.com/school-crm/backend/internal/service/teacher_service.go:250.25,251.34 1 0
github.com/school-crm/backend/internal/service/teacher_service.go:251.34,253.6 1 0
github.com/school-crm/backend/internal/service/teacher_service.go:256.3,256.30 1 0
github.com/school-crm/backend/internal/service/teacher_service.go:259.2,261.22 2 0
github.com/school-crm/backend/internal/service/teacher_service.go:261.22,267.35 5 0
github.com/school-crm/backend/internal/service/teacher_service.go:267.35,268.20 1 0
github.com/school-crm/backend/internal/service/teacher_service.go:268.20,270.5 1 0
github.com/school-crm/backend/internal/service/teacher_service.go:271.4,273.14 3 0
github.com/school-crm/backend/internal/service/teacher_service.go:276.3,279.76 3 0
github.com/school-crm/backend/internal/service/teacher_service.go:279.76,281.4 1 0
github.com/school-crm/backend/internal/service/teacher_service.go:285.2,285.24 1 0
github.com/school-crm/backend/internal/service/teacher_service.go:285.24,286.65 1 0
github.com/school-crm/backend/internal/service/teacher_service.go:286.65,288.4 1 0
github.com/school-crm/backend/internal/service/teacher_service.go:291.2,292.34 2 0
github.com/school-crm/backend/internal/service/teacher_service.go:292.34,294.3 1 0
github.com/school-crm/backend/internal/service/teacher_service.go:295.2,295.21 1 0
github.com/school-crm/backend/internal/service/teacher_service.go:298.71,305.52 5 0
github.com/school-crm/backend/internal/service/teacher_service.go:305.52,307.3 1 0
github.com/school-crm/backend/internal/service/teacher_service.go:308.2,308.12 1 0
github.com/school-crm/backend/internal/service/teacher_service.go:313.95,316.16 2 0
github.com/school-crm/backend/internal/service/teacher_service.go:316.16,318.3 1 0
github.com/school-crm/backend/internal/service/teacher_service.go:319.2,322.18 3 0
github.com/school-crm/backend/internal/service/teacher_service.go:322.18,324.41 2 0
github.com/school-crm/backend/internal/service/teacher_service.go:324.41,326.4 1 0
github.com/school-crm/backend/internal/service/teacher_service.go:327.3,327.35 1 0
github.com/school-crm/backend/internal/service/teacher_service.go:329.2,329.29 1 0
github.com/school-crm/backend/internal/service/teacher_service.go:332.106,334.2 1 0
github.com/school-crm/backend/internal/service/teacher_service.go:340.132,343.16 2 0
github.com/school-crm/backend/internal/service/teacher_service.go:343.16,345.3 1 0
github.com/school-crm/backend/internal/service/teacher_service.go:346.2,346.31 1 0
github.com/school-crm/backend/internal/service/teacher_service.go:346.31,347.16 1 0
github.com/school-crm/backend/internal/service/teacher_service.go:347.16,348.12 1 0
github.com/school-crm/backend/internal/service/teacher_service.go:350.3,353.17 2 0
github.com/school-crm/backend/internal/service/teacher_service.go:353.17,355.4 1 0
github.com/school-crm/backend/internal/service/teacher_service.go:357.2,357.12 1 0
github.com/school-crm/backend/internal/service/teacher_service.go:360.101,363.16 2 0
github.com/school-crm/backend/internal/service/teacher_service.go:363.16,365.3 1 0
github.com/school-crm/backend/internal/service/teacher_service.go:366.2,369.18 3 0
github.com/school-crm/backend/internal/service/teacher_service.go:369.18,371.45 2 0
github.com/school-crm/backend/internal/service/teacher_service.go:371.45,373.4 1 0
github.com/school-crm/backend/internal/service/teacher_service.go:374.3,374.39 1 0
github.com/school-crm/backend/internal/service/teacher_service.go:376.2,376.29 1 0
github.com/school-crm/backend/internal/service/telegram_payment_service.go:18.96,23.2 1 0
github.com/school-crm/backend/internal/service/telegram_payment_service.go:26.154,45.16 4 0
github.com/school-crm/backend/internal/service/telegram_payment_service.go:45.16,47.3 1 0
github.com/school-crm/backend/internal/service/telegram_payment_service.go:52.2,66.8 5 0
github.com/school-crm/backend/internal/service/telegram_payment_service.go:70.129,71.52 1 0
github.com/school-crm/backend/internal/service/telegram_payment_service.go:71.52,73.3 1 0
github.com/school-crm/backend/internal/service/telegram_payment_service.go:75.2,85.16 5 0
github.com/school-crm/backend/internal/service/telegram_payment_service.go:85.16,88.3 2 0
github.com/school-crm/backend/internal/service/telegram_payment_service.go:90.2,90.34 1 0
github.com/school-crm/backend/internal/service/telegram_payment_service.go:90.34,93.3 2 0
github.com/school-crm/backend/internal/service/telegram_payment_service.go:96.2,104.16 3 0
github.com/school-crm/backend/internal/service/telegram_payment_service.go:104.16,107.3 2 0
github.com/school-crm/backend/internal/service/telegram_payment_service.go:110.2,118.16 3 0
github.com/school-crm/backend/internal/service/telegram_payment_service.go:118.16,120.3 1 0
github.com/school-crm/backend/internal/service/telegram_payment_service.go:122.2,123.18 2 0
github.com/school-crm/backend/internal/service/telegram_payment_service.go:127.110,134.16 3 0
github.com/school-crm/backend/internal/service/telegram_payment_service.go:134.16,136.3 1 0
github.com/school-crm/backend/internal/service/telegram_payment_service.go:138.2,138.20 1 0
github.com/school-crm/backend/internal/service/user_service.go:26.57,34.2 1 0
github.com/school-crm/backend/internal/service/user_service.go:37.70,39.2 1 0
github.com/school-crm/backend/internal/service/user_service.go:42.70,44.2 1 0
github.com/school-crm/backend/internal/service/user_service.go:47.44,49.2 1 0
github.com/school-crm/backend/internal/service/user_service.go:52.106,55.2 2 0
github.com/school-crm/backend/internal/service/user_service.go:70.96,80.26 5 0
github.com/school-crm/backend/internal/service/user_service.go:80.26,83.3 2 0
github.com/school-crm/backend/internal/service/user_service.go:84.2,84.16 1 0
github.com/school-crm/backend/internal/service/user_service.go:84.16,87.3 2 0
github.com/school-crm/backend/internal/service/user_service.go:89.2,92.95 2 0
github.com/school-crm/backend/internal/service/user_service.go:92.95,95.3 2 0
github.com/school-crm/backend/internal/service/user_service.go:97.2,102.35 3 0
github.com/school-crm/backend/internal/service/user_service.go:102.35,111.23 3 0
github.com/school-crm/backend/internal/service/user_service.go:111.23,114.4 2 0
github.com/school-crm/backend/internal/service/user_service.go:115.3,117.19 2 0
github.com/school-crm/backend/internal/service/user_service.go:117.19,119.199 2 0
github.com/school-crm/backend/internal/service/user_service.go:119.199,121.5 1 0
github.com/school-crm/backend/internal/service/user_service.go:122.4,122.39 1 0
github.com/school-crm/backend/internal/service/user_service.go:124.8,124.83 1 0
github.com/school-crm/backend/internal/service/user_service.go:124.83,128.24 3 0
github.com/school-crm/backend/internal/service/user_service.go:128.24,131.4 2 0
github.com/school-crm/backend/internal/service/user_service.go:134.2,134.34 1 0
github.com/school-crm/backend/internal/service/user_service.go:134.34,136.3 1 0
github.com/school-crm/backend/internal/service/user_service.go:138.2,138.29 1 0
github.com/school-crm/backend/internal/service/user_service.go:138.29,141.3 2 0
github.com/school-crm/backend/internal/service/user_service.go:143.2,148.16 4 0
github.com/school-crm/backend/internal/service/user_service.go:148.16,150.3 1 0
github.com/school-crm/backend/internal/service/user_service.go:150.8,152.3 1 0
github.com/school-crm/backend/internal/service/user_service.go:154.2,154.18 1 0
github.com/school-crm/backend/internal/service/user_service.go:157.97,159.16 2 0
github.com/school-crm/backend/internal/service/user_service.go:159.16,161.3 1 0
github.com/school-crm/backend/internal/service/user_service.go:163.2,168.13 3 0
github.com/school-crm/backend/internal/service/user_service.go:168.13,170.17 2 0
github.com/school-crm/backend/internal/service/user_service.go:170.17,172.4 1 0
github.com/school-crm/backend/internal/service/user_service.go:173.3,173.29 1 0
github.com/school-crm/backend/internal/service/user_service.go:176.2,177.16 2 0
github.com/school-crm/backend/internal/service/user_service.go:177.16,179.3 1 0
github.com/school-crm/backend/internal/service/user_service.go:180.2,192.16 6 0
github.com/school-crm/backend/internal/service/user_service.go:192.16,194.3 1 0
github.com/school-crm/backend/internal/service/user_service.go:197.2,197.14 1 0
github.com/school-crm/backend/internal/service/user_service.go:197.14,198.37 1 0
github.com/school-crm/backend/internal/service/user_service.go:198.37,200.4 1 0
github.com/school-crm/backend/internal/service/user_service.go:201.3,208.9 1 0
github.com/school-crm/backend/internal/service/user_service.go:215.2,218.22 4 0
github.com/school-crm/backend/internal/service/user_service.go:218.22,220.3 1 0
github.com/school-crm/backend/internal/service/user_service.go:221.2,227.16 2 0
github.com/school-crm/backend/internal/service/user_service.go:227.16,229.3 1 0
github.com/school-crm/backend/internal/service/user_service.go:232.2,237.16 3 0
github.com/school-crm/backend/internal/service/user_service.go:237.16,239.3 1 0
github.com/school-crm/backend/internal/service/user_service.go:242.2,253.16 6 0
github.com/school-crm/backend/internal/service/user_service.go:253.16,255.3 1 0
github.com/school-crm/backend/internal/service/user_service.go:259.2,283.16 4 0
github.com/school-crm/backend/internal/service/user_service.go:283.16,285.3 1 0
github.com/school-crm/backend/internal/service/user_service.go:288.2,298.16 4 0
github.com/school-crm/backend/internal/service/user_service.go:298.16,300.3 1 0
github.com/school-crm/backend/internal/service/user_service.go:302.2,302.36 1 0
github.com/school-crm/backend/internal/service/user_service.go:302.36,304.3 1 0
github.com/school-crm/backend/internal/service/user_service.go:305.2,322.16 5 0
github.com/school-crm/backend/internal/service/user_service.go:322.16,324.3 1 0
github.com/school-crm/backend/internal/service/user_service.go:324.8,326.3 1 0
github.com/school-crm/backend/internal/service/user_service.go:328.2,328.18 1 0
github.com/school-crm/backend/internal/service/user_service.go:331.85,339.26 4 0
github.com/school-crm/backend/internal/service/user_service.go:339.26,341.3 1 0
github.com/school-crm/backend/internal/service/user_service.go:342.2,342.16 1 0
github.com/school-crm/backend/internal/service/user_service.go:342.16,344.3 1 0
github.com/school-crm/backend/internal/service/user_service.go:346.2,351.16 4 0
github.com/school-crm/backend/internal/service/user_service.go:351.16,353.3 1 0
github.com/school-crm/backend/internal/service/user_service.go:353.8,355.3 1 0
github.com/school-crm/backend/internal/service/user_service.go:357.2,357.18 1 0
github.com/school-crm/backend/internal/service/user_service.go:360.74,370.16 3 0
github.com/school-crm/backend/internal/service/user_service.go:370.16,372.3 1 0
github.com/school-crm/backend/internal/service/user_service.go:373.2,380.18 5 0
github.com/school-crm/backend/internal/service/user_service.go:380.18,383.126 3 0
github.com/school-crm/backend/internal/service/user_service.go:383.126,385.4 1 0
github.com/school-crm/backend/internal/service/user_service.go:386.3,388.37 2 0
github.com/school-crm/backend/internal/service/user_service.go:388.37,390.23 1 0
github.com/school-crm/backend/internal/service/user_service.go:390.23,392.5 1 0
github.com/school-crm/backend/internal/service/user_service.go:393.4,393.12 1 0
github.com/school-crm/backend/internal/service/user_service.go:396.3,396.22 1 0
github.com/school-crm/backend/internal/service/user_service.go:396.22,399.4 2 0
github.com/school-crm/backend/internal/service/user_service.go:401.3,402.17 2 0
github.com/school-crm/backend/internal/service/user_service.go:402.17,404.4 1 0
github.com/school-crm/backend/internal/service/user_service.go:406.3,407.30 2 0
github.com/school-crm/backend/internal/service/user_service.go:409.2,409.35 1 0
github.com/school-crm/backend/internal/service/user_service.go:409.35,411.3 1 0
github.com/school-crm/backend/internal/service/user_service.go:413.2,414.27 2 0
github.com/school-crm/backend/internal/service/user_service.go:414.27,416.3 1 0
github.com/school-crm/backend/internal/service/user_service.go:417.2,417.19 1 0
github.com/school-crm/backend/internal/service/user_service.go:420.116,436.56 7 0
github.com/school-crm/backend/internal/service/user_service.go:436.56,437.37 1 0
github.com/school-crm/backend/internal/service/user_service.go:437.37,439.4 1 0
github.com/school-crm/backend/internal/service/user_service.go:440.3,440.38 1 0
github.com/school-crm/backend/internal/service/user_service.go:443.2,443.51 1 0
github.com/school-crm/backend/internal/service/user_service.go:443.51,444.40 1 0
github.com/school-crm/backend/internal/service/user_service.go:444.40,446.29 1 0
github.com/school-crm/backend/internal/service/user_service.go:446.29,451.19 4 0
github.com/school-crm/backend/internal/service/user_service.go:451.19,454.6 2 0
github.com/school-crm/backend/internal/service/user_service.go:456.5,456.108 1 0
github.com/school-crm/backend/internal/service/user_service.go:456.108,458.6 1 0
github.com/school-crm/backend/internal/service/user_service.go:462.4,463.18 2 0
github.com/school-crm/backend/internal/service/user_service.go:463.18,466.5 2 0
github.com/school-crm/backend/internal/service/user_service.go:467.4,467.48 1 0
github.com/school-crm/backend/internal/service/user_service.go:471.2,471.34 1 0
github.com/school-crm/backend/internal/service/user_service.go:471.34,472.26 1 0
github.com/school-crm/backend/internal/service/user_service.go:472.26,473.12 1 0
github.com/school-crm/backend/internal/service/user_service.go:475.3,475.17 1 0
github.com/school-crm/backend/internal/service/user_service.go:475.17,477.4 1 0
github.com/school-crm/backend/internal/service/user_service.go:478.3,481.20 4 0
github.com/school-crm/backend/internal/service/user_service.go:484.2,484.17 1 0
github.com/school-crm/backend/internal/service/user_service.go:484.17,487.3 2 0
github.com/school-crm/backend/internal/service/user_service.go:489.2,495.16 5 0
github.com/school-crm/backend/internal/service/user_service.go:495.16,498.3 2 0
github.com/school-crm/backend/internal/service/user_service.go:500.2,501.16 2 0
github.com/school-crm/backend/internal/service/user_service.go:501.16,503.3 1 0
github.com/school-crm/backend/internal/service/user_service.go:503.8,505.3 1 0
github.com/school-crm/backend/internal/service/user_service.go:507.2,507.27 1 0
github.com/school-crm/backend/internal/service/user_service.go:510.68,514.2 3 0
github.com/school-crm/backend/internal/service/user_service.go:517.100,528.16 4 0
github.com/school-crm/backend/internal/service/user_service.go:528.16,530.3 1 0
github.com/school-crm/backend/internal/service/user_service.go:531.2,533.18 2 0
github.com/school-crm/backend/internal/service/user_service.go:533.18,535.190 2 0
github.com/school-crm/backend/internal/service/user_service.go:535.190,537.4 1 0
github.com/school-crm/backend/internal/service/user_service.go:538.3,538.38 1 0
github.com/school-crm/backend/internal/service/user_service.go:541.2,541.22 1 0
github.com/school-crm/backend/internal/service/user_service.go:545.99,554.26 4 0
github.com/school-crm/backend/internal/service/user_service.go:554.26,556.3 1 0
github.com/school-crm/backend/internal/service/user_service.go:557.2,557.16 1 0
github.com/school-crm/backend/internal/service/user_service.go:557.16,559.3 1 0
github.com/school-crm/backend/internal/service/user_service.go:560.2,560.20 1 0
github.com/school-crm/backend/internal/service/user_service.go:564.120,574.16 5 0
github.com/school-crm/backend/internal/service/user_service.go:574.16,576.3 1 0
github.com/school-crm/backend/internal/service/user_service.go:578.2,578.16 1 0
github.com/school-crm/backend/internal/service/user_service.go:582.98,586.2 3 0
github.com/school-crm/backend/internal/service/user_service.go:591.94,596.26 3 0
github.com/school-crm/backend/internal/service/user_service.go:596.26,598.3 1 0
github.com/school-crm/backend/internal/service/user_service.go:599.2,599.21 1 0
github.com/school-crm/backend/internal/service/user_service.go:608.93,621.26 3 0
github.com/school-crm/backend/internal/service/user_service.go:621.26,623.3 1 0
github.com/school-crm/backend/internal/service/user_service.go:624.2,624.21 1 0
github.com/school-crm/backend/internal/service/user_service.go:634.99,645.16 3 0
github.com/school-crm/backend/internal/service/user_service.go:645.16,647.3 1 0
github.com/school-crm/backend/internal/service/user_service.go:648.2,648.23 1 0
github.com/school-crm/backend/internal/service/user_service.go:651.102,662.16 4 0
github.com/school-crm/backend/internal/service/user_service.go:662.16,664.3 1 0
github.com/school-crm/backend/internal/service/user_service.go:665.2,667.18 2 0
github.com/school-crm/backend/internal/service/user_service.go:667.18,669.120 2 0
github.com/school-crm/backend/internal/service/user_service.go:669.120,671.4 1 0
github.com/school-crm/backend/internal/service/user_service.go:672.3,672.36 1 0
github.com/school-crm/backend/internal/service/user_service.go:675.2,675.22 1 0
github.com/school-crm/backend/internal/service/user_service.go:679.104,690.16 4 0
github.com/school-crm/backend/internal/service/user_service.go:690.16,692.3 1 0
github.com/school-crm/backend/internal/service/user_service.go:693.2,697.18 3 0
github.com/school-crm/backend/internal/service/user_service.go:697.18,699.120 2 0
github.com/school-crm/backend/internal/service/user_service.go:699.120,701.4 1 0
github.com/school-crm/backend/internal/service/user_service.go:704.3,705.17 2 0
github.com/school-crm/backend/internal/service/user_service.go:705.17,707.4 1 0
github.com/school-crm/backend/internal/service/user_service.go:710.3,711.17 2 0
github.com/school-crm/backend/internal/service/user_service.go:711.17,713.4 1 0
github.com/school-crm/backend/internal/service/user_service.go:715.3,715.35 1 0
github.com/school-crm/backend/internal/service/user_service.go:715.35,717.4 1 0
github.com/school-crm/backend/internal/service/user_service.go:719.3,719.30 1 0
github.com/school-crm/backend/internal/service/user_service.go:719.30,721.4 1 0
github.com/school-crm/backend/internal/service/user_service.go:723.3,723.36 1 0
github.com/school-crm/backend/internal/service/user_service.go:726.2,726.22 1 0
github.com/school-crm/backend/internal/service/user_service.go:731.86,732.50 1 0
github.com/school-crm/backend/internal/service/user_service.go:732.50,734.3 1 0
github.com/school-crm/backend/internal/service/user_service.go:737.2,740.26 4 0
github.com/school-crm/backend/internal/service/user_service.go:740.26,743.3 2 0
github.com/school-crm/backend/internal/service/user_service.go:744.2,744.16 1 0
github.com/school-crm/backend/internal/service/user_service.go:744.16,747.3 2 0
github.com/school-crm/backend/internal/service/user_service.go:750.2,750.35 1 0
github.com/school-crm/backend/internal/service/user_service.go:750.35,753.3 2 0
github.com/school-crm/backend/internal/service/user_service.go:756.2,757.62 2 0
github.com/school-crm/backend/internal/service/user_service.go:757.62,760.3 2 0
github.com/school-crm/backend/internal/service/user_service.go:763.2,763.63 1 0
github.com/school-crm/backend/internal/service/user_service.go:763.63,766.3 2 0
github.com/school-crm/backend/internal/service/user_service.go:768.2,769.12 2 0
github.com/school-crm/backend/internal/service/user_service.go:773.96,774.26 1 0
github.com/school-crm/backend/internal/service/user_service.go:774.26,776.3 1 0
github.com/school-crm/backend/internal/service/user_service.go:779.2,780.16 2 0
github.com/school-crm/backend/internal/service/user_service.go:780.16,783.3 2 0
github.com/school-crm/backend/internal/service/user_service.go:785.2,785.22 1 0
github.com/school-crm/backend/internal/service/user_service.go:785.22,788.3 2 0
github.com/school-crm/backend/internal/service/user_service.go:791.2,795.79 3 0
github.com/school-crm/backend/internal/service/user_service.go:795.79,798.3 2 0
github.com/school-crm/backend/internal/service/user_service.go:800.2,801.24 2 0
github.com/school-crm/backend/internal/service/user_service.go:805.112,806.26 1 0
github.com/school-crm/backend/internal/service/user_service.go:806.26,808.3 1 0
github.com/school-crm/backend/internal/service/user_service.go:811.2,812.16 2 0
github.com/school-crm/backend/internal/service/user_service.go:812.16,815.3 2 0
github.com/school-crm/backend/internal/service/user_service.go:817.2,817.31 1 0
github.com/school-crm/backend/internal/service/user_service.go:817.31,820.3 2 0
github.com/school-crm/backend/internal/service/user_service.go:823.2,824.16 2 0
github.com/school-crm/backend/internal/service/user_service.go:824.16,827.3 2 0
github.com/school-crm/backend/internal/service/user_service.go:830.2,832.16 3 0
github.com/school-crm/backend/internal/service/user_service.go:832.16,835.3 2 0
github.com/school-crm/backend/internal/service/user_service.go:838.2,841.12 3 0
github.com/school-crm/backend/internal/service/user_service.go:846.74,847.50 1 0
github.com/school-crm/backend/internal/service/user_service.go:847.50,849.3 1 0
github.com/school-crm/backend/internal/service/user_service.go:852.2,855.26 4 0
github.com/school-crm/backend/internal/service/user_service.go:855.26,858.3 2 0
github.com/school-crm/backend/internal/service/user_service.go:859.2,859.16 1 0
github.com/school-crm/backend/internal/service/user_service.go:859.16,861.3 1 0
github.com/school-crm/backend/internal/service/user_service.go:864.2,864.35 1 0
github.com/school-crm/backend/internal/service/user_service.go:864.35,867.3 2 0
github.com/school-crm/backend/internal/service/user_service.go:870.2,871.62 2 0
github.com/school-crm/backend/internal/service/user_service.go:871.62,874.3 2 0
github.com/school-crm/backend/internal/service/user_service.go:877.2,877.63 1 0
github.com/school-crm/backend/internal/service/user_service.go:877.63,880.3 2 0
github.com/school-crm/backend/internal/service/user_service.go:882.2,883.12 2 0
github.com/school-crm/backend/internal/handlers/admin_subscription.go:15.100,26.2 7 0
github.com/school-crm/backend/internal/handlers/admin_subscription.go:29.100,31.2 1 0
github.com/school-crm/backend/internal/handlers/admin_subscription.go:34.93,36.2 1 0
github.com/school-crm/backend/internal/handlers/admin_subscription.go:40.79,41.30 1 0
github.com/school-crm/backend/internal/handlers/admin_subscription.go:41.30,43.17 2 0
github.com/school-crm/backend/internal/handlers/admin_subscription.go:43.17,46.4 2 0
github.com/school-crm/backend/internal/handlers/admin_subscription.go:47.3,47.18 1 0
github.com/school-crm/backend/internal/handlers/admin_subscription.go:47.18,49.4 1 0
github.com/school-crm/backend/internal/handlers/admin_subscription.go:50.3,50.30 1 0
github.com/school-crm/backend/internal/handlers/admin_subscription.go:56.77,57.30 1 0
github.com/school-crm/backend/internal/handlers/admin_subscription.go:57.30,60.17 3 0
github.com/school-crm/backend/internal/handlers/admin_subscription.go:60.17,63.4 2 0
github.com/school-crm/backend/internal/handlers/admin_subscription.go:64.3,64.17 1 0
github.com/school-crm/backend/internal/handlers/admin_subscription.go:64.17,67.4 2 0
github.com/school-crm/backend/internal/handlers/admin_subscription.go:68.3,68.29 1 0
github.com/school-crm/backend/internal/handlers/admin_subscription.go:74.80,75.30 1 0
github.com/school-crm/backend/internal/handlers/admin_subscription.go:75.30,77.48 2 0
github.com/school-crm/backend/internal/handlers/admin_subscription.go:77.48,80.4 2 0
github.com/school-crm/backend/internal/handlers/admin_subscription.go:83.3,83.30 1 0
github.com/school-crm/backend/internal/handlers/admin_subscription.go:83.30,85.33 2 0
github.com/school-crm/backend/internal/handlers/admin_subscription.go:85.33,87.5 1 0
github.com/school-crm/backend/internal/handlers/admin_subscription.go:90.3,91.17 2 0
github.com/school-crm/backend/internal/handlers/admin_subscription.go:91.17,94.4 2 0
github.com/school-crm/backend/internal/handlers/admin_subscription.go:95.3,95.34 1 0
github.com/school-crm/backend/internal/handlers/admin_subscription.go:101.80,102.30 1 0
github.com/school-crm/backend/internal/handlers/admin_subscription.go:102.30,105.48 3 0
github.com/school-crm/backend/internal/handlers/admin_subscription.go:105.48,108.4 2 0
github.com/school-crm/backend/internal/handlers/admin_subscription.go:110.3,111.17 2 0
github.com/school-crm/backend/internal/handlers/admin_subscription.go:111.17,114.4 2 0
github.com/school-crm/backend/internal/handlers/admin_subscription.go:115.3,115.17 1 0
github.com/school-crm/backend/internal/handlers/admin_subscription.go:115.17,118.4 2 0
github.com/school-crm/backend/internal/handlers/admin_subscription.go:119.3,119.29 1 0
github.com/school-crm/backend/internal/handlers/admin_subscription.go:125.80,126.30 1 0
github.com/school-crm/backend/internal/handlers/admin_subscription.go:126.30,128.78 2 0
github.com/school-crm/backend/internal/handlers/admin_subscription.go:128.78,131.4 2 0
github.com/school-crm/backend/internal/handlers/admin_subscription.go:132.3,132.66 1 0
github.com/school-crm/backend/internal/handlers/admin_subscription.go:138.78,139.30 1 0
github.com/school-crm/backend/internal/handlers/admin_subscription.go:139.30,141.17 2 0
github.com/school-crm/backend/internal/handlers/admin_subscription.go:141.17,144.4 2 0
github.com/school-crm/backend/internal/handlers/admin_subscription.go:145.3,145.31 1 0
github.com/school-crm/backend/internal/handlers/admin_subscription.go:151.74,152.30 1 0
github.com/school-crm/backend/internal/handlers/admin_subscription.go:152.30,154.17 2 0
github.com/school-crm/backend/internal/handlers/admin_subscription.go:154.17,157.4 2 0
github.com/school-crm/backend/internal/handlers/admin_subscription.go:158.3,158.19 1 0
github.com/school-crm/backend/internal/handlers/admin_subscription.go:158.19,160.4 1 0
github.com/school-crm/backend/internal/handlers/admin_subscription.go:161.3,161.31 1 0
github.com/school-crm/backend/internal/handlers/assignments.go:20.122,28.2 7 0
github.com/school-crm/backend/internal/handlers/assignments.go:30.70,31.30 1 0
github.com/school-crm/backend/internal/handlers/assignments.go:31.30,33.21 2 0
github.com/school-crm/backend/internal/handlers/assignments.go:33.21,35.4 1 0
github.com/school-crm/backend/internal/handlers/assignments.go:36.3,36.21 1 0
github.com/school-crm/backend/internal/handlers/assignments.go:36.21,39.4 2 0
github.com/school-crm/backend/internal/handlers/assignments.go:40.3,42.17 3 0
github.com/school-crm/backend/internal/handlers/assignments.go:42.17,45.4 2 0
github.com/school-crm/backend/internal/handlers/assignments.go:46.3,46.37 1 0
github.com/school-crm/backend/internal/handlers/assignments.go:50.71,51.30 1 0
github.com/school-crm/backend/internal/handlers/assignments.go:51.30,53.17 2 0
github.com/school-crm/backend/internal/handlers/assignments.go:53.17,56.4 2 0
github.com/school-crm/backend/internal/handlers/assignments.go:57.3,58.48 2 0
github.com/school-crm/backend/internal/handlers/assignments.go:58.48,61.4 2 0
github.com/school-crm/backend/internal/handlers/assignments.go:62.3,63.17 2 0
github.com/school-crm/backend/internal/handlers/assignments.go:63.17,66.4 2 0
github.com/school-crm/backend/internal/handlers/assignments.go:67.3,67.32 1 0
github.com/school-crm/backend/internal/handlers/assignments.go:71.71,72.30 1 0
github.com/school-crm/backend/internal/handlers/assignments.go:72.30,75.21 3 0
github.com/school-crm/backend/internal/handlers/assignments.go:75.21,77.4 1 0
github.com/school-crm/backend/internal/handlers/assignments.go:78.3,78.21 1 0
github.com/school-crm/backend/internal/handlers/assignments.go:78.21,81.4 2 0
github.com/school-crm/backend/internal/handlers/assignments.go:82.3,82.71 1 0
github.com/school-crm/backend/internal/handlers/assignments.go:82.71,85.4 2 0
github.com/school-crm/backend/internal/handlers/assignments.go:86.3,86.48 1 0
github.com/school-crm/backend/internal/handlers/assignments.go:90.69,91.30 1 0
github.com/school-crm/backend/internal/handlers/assignments.go:91.30,94.17 3 0
github.com/school-crm/backend/internal/handlers/assignments.go:94.17,97.4 2 0
github.com/school-crm/backend/internal/handlers/assignments.go:98.3,98.30 1 0
github.com/school-crm/backend/internal/handlers/assignments.go:102.71,103.30 1 0
github.com/school-crm/backend/internal/handlers/assignments.go:103.30,105.17 2 0
github.com/school-crm/backend/internal/handlers/assignments.go:105.17,108.4 2 0
github.com/school-crm/backend/internal/handlers/assignments.go:109.3,111.48 3 0
github.com/school-crm/backend/internal/handlers/assignments.go:111.48,114.4 2 0
github.com/school-crm/backend/internal/handlers/assignments.go:115.3,116.17 2 0
github.com/school-crm/backend/internal/handlers/assignments.go:116.17,119.4 2 0
github.com/school-crm/backend/internal/handlers/assignments.go:120.3,120.29 1 0
github.com/school-crm/backend/internal/handlers/assignments.go:124.70,125.30 1 0
github.com/school-crm/backend/internal/handlers/assignments.go:125.30,128.21 3 0
github.com/school-crm/backend/internal/handlers/assignments.go:128.21,130.4 1 0
github.com/school-crm/backend/internal/handlers/assignments.go:131.3,131.21 1 0
github.com/school-crm/backend/internal/handlers/assignments.go:131.21,134.4 2 0
github.com/school-crm/backend/internal/handlers/assignments.go:135.3,136.17 2 0
github.com/school-crm/backend/internal/handlers/assignments.go:136.17,139.4 2 0
github.com/school-crm/backend/internal/handlers/assignments.go:140.3,140.30 1 0
github.com/school-crm/backend/internal/handlers/attendance.go:21.122,27.2 5 0
github.com/school-crm/backend/internal/handlers/attendance.go:29.69,30.30 1 0
github.com/school-crm/backend/internal/handlers/attendance.go:30.30,32.17 2 0
github.com/school-crm/backend/internal/handlers/attendance.go:32.17,35.4 2 0
github.com/school-crm/backend/internal/handlers/attendance.go:37.3,38.48 2 0
github.com/school-crm/backend/internal/handlers/attendance.go:38.48,41.4 2 0
github.com/school-crm/backend/internal/handlers/attendance.go:43.3,44.17 2 0
github.com/school-crm/backend/internal/handlers/attendance.go:44.17,47.4 2 0
github.com/school-crm/backend/internal/handlers/attendance.go:48.3,48.21 1 0
github.com/school-crm/backend/internal/handlers/attendance.go:48.21,50.4 1 0
github.com/school-crm/backend/internal/handlers/attendance.go:51.3,51.74 1 0
github.com/school-crm/backend/internal/handlers/attendance.go:55.68,56.30 1 0
github.com/school-crm/backend/internal/handlers/attendance.go:56.30,60.34 3 0
github.com/school-crm/backend/internal/handlers/attendance.go:60.34,63.4 2 0
github.com/school-crm/backend/internal/handlers/attendance.go:65.3,66.17 2 0
github.com/school-crm/backend/internal/handlers/attendance.go:66.17,69.4 2 0
github.com/school-crm/backend/internal/handlers/attendance.go:70.3,70.21 1 0
github.com/school-crm/backend/internal/handlers/attendance.go:70.21,72.4 1 0
github.com/school-crm/backend/internal/handlers/attendance.go:73.3,73.33 1 0
github.com/school-crm/backend/internal/handlers/attendance.go:77.70,78.30 1 0
github.com/school-crm/backend/internal/handlers/attendance.go:78.30,80.20 2 0
github.com/school-crm/backend/internal/handlers/attendance.go:80.20,83.4 2 0
github.com/school-crm/backend/internal/handlers/attendance.go:85.3,89.36 4 0
github.com/school-crm/backend/internal/handlers/attendance.go:89.36,90.45 1 0
github.com/school-crm/backend/internal/handlers/attendance.go:90.45,92.5 1 0
github.com/school-crm/backend/internal/handlers/attendance.go:94.3,94.37 1 0
github.com/school-crm/backend/internal/handlers/attendance.go:94.37,95.45 1 0
github.com/school-crm/backend/internal/handlers/attendance.go:95.45,97.5 1 0
github.com/school-crm/backend/internal/handlers/attendance.go:100.3,101.17 2 0
github.com/school-crm/backend/internal/handlers/attendance.go:101.17,104.4 2 0
github.com/school-crm/backend/internal/handlers/attendance.go:105.3,105.23 1 0
github.com/school-crm/backend/internal/handlers/attendance.go:105.23,107.4 1 0
github.com/school-crm/backend/internal/handlers/attendance.go:108.3,108.35 1 0
github.com/school-crm/backend/internal/handlers/attendance.go:112.71,113.30 1 0
github.com/school-crm/backend/internal/handlers/attendance.go:113.30,115.21 2 0
github.com/school-crm/backend/internal/handlers/attendance.go:115.21,118.4 2 0
github.com/school-crm/backend/internal/handlers/attendance.go:120.3,121.17 2 0
github.com/school-crm/backend/internal/handlers/attendance.go:121.17,124.4 2 0
github.com/school-crm/backend/internal/handlers/attendance.go:125.3,125.20 1 0
github.com/school-crm/backend/internal/handlers/attendance.go:125.20,127.4 1 0
github.com/school-crm/backend/internal/handlers/attendance.go:128.3,128.32 1 0
github.com/school-crm/backend/internal/handlers/audit.go:28.74,30.2 1 0
github.com/school-crm/backend/internal/handlers/audit.go:32.59,33.30 1 0
github.com/school-crm/backend/internal/handlers/audit.go:33.30,35.21 2 0
github.com/school-crm/backend/internal/handlers/audit.go:35.21,38.4 2 0
github.com/school-crm/backend/internal/handlers/audit.go:41.3,48.15 7 0
github.com/school-crm/backend/internal/handlers/audit.go:48.15,50.4 1 0
github.com/school-crm/backend/internal/handlers/audit.go:51.3,51.31 1 0
github.com/school-crm/backend/internal/handlers/audit.go:51.31,53.4 1 0
github.com/school-crm/backend/internal/handlers/audit.go:54.3,61.21 5 0
github.com/school-crm/backend/internal/handlers/audit.go:61.21,65.4 3 0
github.com/school-crm/backend/internal/handlers/audit.go:66.3,66.19 1 0
github.com/school-crm/backend/internal/handlers/audit.go:66.19,70.4 3 0
github.com/school-crm/backend/internal/handlers/audit.go:71.3,71.17 1 0
github.com/school-crm/backend/internal/handlers/audit.go:71.17,75.4 3 0
github.com/school-crm/backend/internal/handlers/audit.go:76.3,76.15 1 0
github.com/school-crm/backend/internal/handlers/audit.go:76.15,80.4 3 0
github.com/school-crm/backend/internal/handlers/audit.go:83.3,85.113 3 0
github.com/school-crm/backend/internal/handlers/audit.go:85.113,88.4 2 0
github.com/school-crm/backend/internal/handlers/audit.go:91.3,110.17 4 0
github.com/school-crm/backend/internal/handlers/audit.go:110.17,113.4 2 0
github.com/school-crm/backend/internal/handlers/audit.go:114.3,117.19 3 0
github.com/school-crm/backend/internal/handlers/audit.go:117.19,124.18 3 0
github.com/school-crm/backend/internal/handlers/audit.go:124.18,125.13 1 0
github.com/school-crm/backend/internal/handlers/audit.go:127.4,130.32 4 0
github.com/school-crm/backend/internal/handlers/audit.go:133.3,139.5 1 0
github.com/school-crm/backend/internal/handlers/auth.go:15.80,16.30 1 1
github.com/school-crm/backend/internal/handlers/auth.go:16.30,22.48 3 1
github.com/school-crm/backend/internal/handlers/auth.go:22.48,26.4 3 1
github.com/school-crm/backend/internal/handlers/auth.go:28.3,31.17 3 0
github.com/school-crm/backend/internal/handlers/auth.go:31.17,35.4 3 0
github.com/school-crm/backend/internal/handlers/auth.go:37.3,49.17 4 0
github.com/school-crm/backend/internal/handlers/auth.go:49.17,53.4 3 0
github.com/school-crm/backend/internal/handlers/auth.go:55.3,60.5 2 0
github.com/school-crm/backend/internal/handlers/auth.go:64.133,65.30 1 2
github.com/school-crm/backend/internal/handlers/auth.go:65.30,70.48 3 2
github.com/school-crm/backend/internal/handlers/auth.go:70.48,74.4 3 1
github.com/school-crm/backend/internal/handlers/auth.go:79.3,79.26 1 1
github.com/school-crm/backend/internal/handlers/auth.go:79.26,83.4 3 1
github.com/school-crm/backend/internal/handlers/auth.go:85.3,88.17 3 0
github.com/school-crm/backend/internal/handlers/auth.go:88.17,92.4 3 0
github.com/school-crm/backend/internal/handlers/auth.go:94.3,98.130 2 0
github.com/school-crm/backend/internal/handlers/auth.go:98.130,101.4 1 0
github.com/school-crm/backend/internal/handlers/auth.go:101.9,103.4 1 0
github.com/school-crm/backend/internal/handlers/auth.go:106.3,116.17 3 0
github.com/school-crm/backend/internal/handlers/auth.go:116.17,120.4 3 0
github.com/school-crm/backend/internal/handlers/auth.go:122.3,127.5 2 0
github.com/school-crm/backend/internal/handlers/auth.go:132.71,133.30 1 0
github.com/school-crm/backend/internal/handlers/auth.go:133.30,140.48 3 0
github.com/school-crm/backend/internal/handlers/auth.go:140.48,144.4 3 0
github.com/school-crm/backend/internal/handlers/auth.go:146.3,148.91 2 0
github.com/school-crm/backend/internal/handlers/auth.go:148.91,152.4 3 0
github.com/school-crm/backend/internal/handlers/auth.go:154.3,158.5 2 0
github.com/school-crm/backend/internal/handlers/auth.go:163.66,164.30 1 0
github.com/school-crm/backend/internal/handlers/auth.go:164.30,172.48 3 0
github.com/school-crm/backend/internal/handlers/auth.go:172.48,176.4 3 0
github.com/school-crm/backend/internal/handlers/auth.go:178.3,181.17 3 0
github.com/school-crm/backend/internal/handlers/auth.go:181.17,185.4 3 0
github.com/school-crm/backend/internal/handlers/auth.go:187.3,192.5 2 0
github.com/school-crm/backend/internal/handlers/auth.go:197.66,198.30 1 0
github.com/school-crm/backend/internal/handlers/auth.go:198.30,203.48 2 0
github.com/school-crm/backend/internal/handlers/auth.go:203.48,206.4 2 0
github.com/school-crm/backend/internal/handlers/auth.go:208.3,208.79 1 0
github.com/school-crm/backend/internal/handlers/auth.go:208.79,211.4 2 0
github.com/school-crm/backend/internal/handlers/auth.go:213.3,215.5 1 0
github.com/school-crm/backend/internal/handlers/auth.go:220.70,221.30 1 0
github.com/school-crm/backend/internal/handlers/auth.go:221.30,230.48 3 0
github.com/school-crm/backend/internal/handlers/auth.go:230.48,234.4 3 0
github.com/school-crm/backend/internal/handlers/auth.go:236.3,236.37 1 0
github.com/school-crm/backend/internal/handlers/auth.go:236.37,239.4 2 0
github.com/school-crm/backend/internal/handlers/auth.go:241.3,243.125 2 0
github.com/school-crm/backend/internal/handlers/auth.go:243.125,247.4 3 0
github.com/school-crm/backend/internal/handlers/auth.go:249.3,252.5 2 0
github.com/school-crm/backend/internal/handlers/branch.go:13.165,22.2 7 0
github.com/school-crm/backend/internal/handlers/branch.go:24.114,25.30 1 0
github.com/school-crm/backend/internal/handlers/branch.go:25.30,27.48 2 0
github.com/school-crm/backend/internal/handlers/branch.go:27.48,30.4 2 0
github.com/school-crm/backend/internal/handlers/branch.go:34.3,34.52 1 0
github.com/school-crm/backend/internal/handlers/branch.go:34.52,35.45 1 0
github.com/school-crm/backend/internal/handlers/branch.go:35.45,37.5 1 0
github.com/school-crm/backend/internal/handlers/branch.go:40.3,41.17 2 0
github.com/school-crm/backend/internal/handlers/branch.go:41.17,42.59 1 0
github.com/school-crm/backend/internal/handlers/branch.go:42.59,48.5 2 0
github.com/school-crm/backend/internal/handlers/branch.go:49.4,50.10 2 0
github.com/school-crm/backend/internal/handlers/branch.go:52.3,52.37 1 0
github.com/school-crm/backend/internal/handlers/branch.go:56.70,57.30 1 0
github.com/school-crm/backend/internal/handlers/branch.go:57.30,60.17 3 0
github.com/school-crm/backend/internal/handlers/branch.go:60.17,63.4 2 0
github.com/school-crm/backend/internal/handlers/branch.go:64.3,64.32 1 0
github.com/school-crm/backend/internal/handlers/branch.go:68.107,69.30 1 0
github.com/school-crm/backend/internal/handlers/branch.go:69.30,71.14 2 0
github.com/school-crm/backend/internal/handlers/branch.go:71.14,74.18 2 0
github.com/school-crm/backend/internal/handlers/branch.go:74.18,77.5 2 0
github.com/school-crm/backend/internal/handlers/branch.go:78.4,78.23 1 0
github.com/school-crm/backend/internal/handlers/branch.go:78.23,80.5 1 0
github.com/school-crm/backend/internal/handlers/branch.go:81.4,82.10 2 0
github.com/school-crm/backend/internal/handlers/branch.go:85.3,87.17 3 0
github.com/school-crm/backend/internal/handlers/branch.go:87.17,90.4 2 0
github.com/school-crm/backend/internal/handlers/branch.go:92.3,93.36 2 0
github.com/school-crm/backend/internal/handlers/branch.go:93.36,95.4 1 0
github.com/school-crm/backend/internal/handlers/branch.go:95.9,97.4 1 0
github.com/school-crm/backend/internal/handlers/branch.go:98.3,98.17 1 0
github.com/school-crm/backend/internal/handlers/branch.go:98.17,101.4 2 0
github.com/school-crm/backend/internal/handlers/branch.go:102.3,102.22 1 0
github.com/school-crm/backend/internal/handlers/branch.go:102.22,104.4 1 0
github.com/school-crm/backend/internal/handlers/branch.go:105.3,105.34 1 0
github.com/school-crm/backend/internal/handlers/branch.go:109.73,110.30 1 0
github.com/school-crm/backend/internal/handlers/branch.go:110.30,114.52 2 0
github.com/school-crm/backend/internal/handlers/branch.go:114.52,117.18 3 0
github.com/school-crm/backend/internal/handlers/branch.go:117.18,120.5 2 0
github.com/school-crm/backend/internal/handlers/branch.go:121.4,121.55 1 0
github.com/school-crm/backend/internal/handlers/branch.go:121.55,124.5 2 0
github.com/school-crm/backend/internal/handlers/branch.go:127.3,128.52 2 0
github.com/school-crm/backend/internal/handlers/branch.go:128.52,131.4 2 0
github.com/school-crm/backend/internal/handlers/branch.go:133.3,134.17 2 0
github.com/school-crm/backend/internal/handlers/branch.go:134.17,137.4 2 0
github.com/school-crm/backend/internal/handlers/branch.go:139.3,139.32 1 0
github.com/school-crm/backend/internal/handlers/branch.go:143.73,144.30 1 0
github.com/school-crm/backend/internal/handlers/branch.go:144.30,148.52 2 0
github.com/school-crm/backend/internal/handlers/branch.go:148.52,151.18 3 0
github.com/school-crm/backend/internal/handlers/branch.go:151.18,154.5 2 0
github.com/school-crm/backend/internal/handlers/branch.go:155.4,155.55 1 0
github.com/school-crm/backend/internal/handlers/branch.go:155.55,158.5 2 0
github.com/school-crm/backend/internal/handlers/branch.go:161.3,161.71 1 0
github.com/school-crm/backend/internal/handlers/branch.go:161.71,164.4 2 0
github.com/school-crm/backend/internal/handlers/branch.go:166.3,166.60 1 0
github.com/school-crm/backend/internal/handlers/branch.go:170.72,171.30 1 0
github.com/school-crm/backend/internal/handlers/branch.go:171.30,175.17 3 0
github.com/school-crm/backend/internal/handlers/branch.go:175.17,178.4 2 0
github.com/school-crm/backend/internal/handlers/branch.go:180.3,180.32 1 0
github.com/school-crm/backend/internal/handlers/budget.go:15.124,17.2 2 0
github.com/school-crm/backend/internal/handlers/budget.go:17.2,21.3 3 0
github.com/school-crm/backend/internal/handlers/budget.go:24.72,25.30 1 0
github.com/school-crm/backend/internal/handlers/budget.go:25.30,27.21 2 0
github.com/school-crm/backend/internal/handlers/budget.go:27.21,30.4 2 0
github.com/school-crm/backend/internal/handlers/budget.go:32.3,36.17 5 0
github.com/school-crm/backend/internal/handlers/budget.go:36.17,39.4 2 0
github.com/school-crm/backend/internal/handlers/budget.go:41.3,42.17 2 0
github.com/school-crm/backend/internal/handlers/budget.go:42.17,45.4 2 0
github.com/school-crm/backend/internal/handlers/budget.go:46.3,46.31 1 0
github.com/school-crm/backend/internal/handlers/budget.go:50.73,51.30 1 0
github.com/school-crm/backend/internal/handlers/budget.go:51.30,53.48 2 0
github.com/school-crm/backend/internal/handlers/budget.go:53.48,56.4 2 0
github.com/school-crm/backend/internal/handlers/budget.go:58.3,59.17 2 0
github.com/school-crm/backend/internal/handlers/budget.go:59.17,62.4 2 0
github.com/school-crm/backend/internal/handlers/budget.go:63.3,63.31 1 0
github.com/school-crm/backend/internal/handlers/budget.go:67.73,68.30 1 0
github.com/school-crm/backend/internal/handlers/budget.go:68.30,74.71 5 0
github.com/school-crm/backend/internal/handlers/budget.go:74.71,77.4 2 0
github.com/school-crm/backend/internal/handlers/budget.go:78.3,79.17 2 0
github.com/school-crm/backend/internal/handlers/budget.go:79.17,82.4 2 0
github.com/school-crm/backend/internal/handlers/budget.go:84.3,84.100 1 0
github.com/school-crm/backend/internal/handlers/budget.go:84.100,85.41 1 0
github.com/school-crm/backend/internal/handlers/budget.go:85.41,88.5 2 0
github.com/school-crm/backend/internal/handlers/budget.go:89.4,90.10 2 0
github.com/school-crm/backend/internal/handlers/budget.go:92.3,92.60 1 0
github.com/school-crm/backend/internal/handlers/class.go:12.162,20.2 6 0
github.com/school-crm/backend/internal/handlers/class.go:22.111,23.30 1 0
github.com/school-crm/backend/internal/handlers/class.go:23.30,25.48 2 0
github.com/school-crm/backend/internal/handlers/class.go:25.48,28.4 2 0
github.com/school-crm/backend/internal/handlers/class.go:31.3,31.25 1 0
github.com/school-crm/backend/internal/handlers/class.go:31.25,33.35 2 0
github.com/school-crm/backend/internal/handlers/class.go:33.35,34.108 1 0
github.com/school-crm/backend/internal/handlers/class.go:34.108,35.66 1 0
github.com/school-crm/backend/internal/handlers/class.go:35.66,41.7 2 0
github.com/school-crm/backend/internal/handlers/class.go:46.3,47.17 2 0
github.com/school-crm/backend/internal/handlers/class.go:47.17,50.4 2 0
github.com/school-crm/backend/internal/handlers/class.go:52.3,52.36 1 0
github.com/school-crm/backend/internal/handlers/class.go:56.67,57.30 1 0
github.com/school-crm/backend/internal/handlers/class.go:57.30,60.17 3 0
github.com/school-crm/backend/internal/handlers/class.go:60.17,63.4 2 0
github.com/school-crm/backend/internal/handlers/class.go:64.3,64.31 1 0
github.com/school-crm/backend/internal/handlers/class.go:68.70,69.30 1 0
github.com/school-crm/backend/internal/handlers/class.go:69.30,71.21 2 0
github.com/school-crm/backend/internal/handlers/class.go:71.21,74.4 2 0
github.com/school-crm/backend/internal/handlers/class.go:76.3,77.17 2 0
github.com/school-crm/backend/internal/handlers/class.go:77.17,80.4 2 0
github.com/school-crm/backend/internal/handlers/class.go:82.3,82.33 1 0
github.com/school-crm/backend/internal/handlers/class.go:86.70,87.30 1 0
github.com/school-crm/backend/internal/handlers/class.go:87.30,91.52 3 0
github.com/school-crm/backend/internal/handlers/class.go:91.52,94.4 2 0
github.com/school-crm/backend/internal/handlers/class.go:96.3,97.17 2 0
github.com/school-crm/backend/internal/handlers/class.go:97.17,100.4 2 0
github.com/school-crm/backend/internal/handlers/class.go:102.3,102.31 1 0
github.com/school-crm/backend/internal/handlers/class.go:106.70,107.30 1 0
github.com/school-crm/backend/internal/handlers/class.go:107.30,110.70 2 0
github.com/school-crm/backend/internal/handlers/class.go:110.70,113.4 2 0
github.com/school-crm/backend/internal/handlers/class.go:115.3,115.59 1 0
github.com/school-crm/backend/internal/handlers/clickuz.go:24.135,25.30 1 0
github.com/school-crm/backend/internal/handlers/clickuz.go:25.30,27.14 2 0
github.com/school-crm/backend/internal/handlers/clickuz.go:27.14,30.4 2 0
github.com/school-crm/backend/internal/handlers/clickuz.go:32.3,33.27 2 0
github.com/school-crm/backend/internal/handlers/clickuz.go:33.27,36.4 2 0
github.com/school-crm/backend/internal/handlers/clickuz.go:39.3,40.77 2 0
github.com/school-crm/backend/internal/handlers/clickuz.go:40.77,43.4 2 0
github.com/school-crm/backend/internal/handlers/clickuz.go:46.3,47.17 2 0
github.com/school-crm/backend/internal/handlers/clickuz.go:47.17,50.4 2 0
github.com/school-crm/backend/internal/handlers/clickuz.go:52.3,53.30 2 0
github.com/school-crm/backend/internal/handlers/clickuz.go:53.30,54.38 1 0
github.com/school-crm/backend/internal/handlers/clickuz.go:54.38,56.10 2 0
github.com/school-crm/backend/internal/handlers/clickuz.go:60.3,60.21 1 0
github.com/school-crm/backend/internal/handlers/clickuz.go:60.21,63.4 2 0
github.com/school-crm/backend/internal/handlers/clickuz.go:66.3,67.17 2 0
github.com/school-crm/backend/internal/handlers/clickuz.go:67.17,71.4 3 0
github.com/school-crm/backend/internal/handlers/clickuz.go:73.3,73.32 1 0
github.com/school-crm/backend/internal/handlers/clickuz.go:92.78,93.30 1 0
github.com/school-crm/backend/internal/handlers/clickuz.go:93.30,99.75 5 0
github.com/school-crm/backend/internal/handlers/clickuz.go:99.75,106.4 3 0
github.com/school-crm/backend/internal/handlers/clickuz.go:109.3,110.17 2 0
github.com/school-crm/backend/internal/handlers/clickuz.go:110.17,117.4 3 0
github.com/school-crm/backend/internal/handlers/clickuz.go:120.3,120.82 1 0
github.com/school-crm/backend/internal/handlers/clickuz.go:120.82,127.4 3 0
github.com/school-crm/backend/internal/handlers/clickuz.go:130.3,131.29 2 0
github.com/school-crm/backend/internal/handlers/clickuz.go:131.29,138.4 3 0
github.com/school-crm/backend/internal/handlers/clickuz.go:140.3,145.5 2 0
github.com/school-crm/backend/internal/handlers/clickuz.go:159.79,160.30 1 0
github.com/school-crm/backend/internal/handlers/clickuz.go:160.30,162.22 2 0
github.com/school-crm/backend/internal/handlers/clickuz.go:162.22,165.4 2 0
github.com/school-crm/backend/internal/handlers/clickuz.go:167.3,168.17 2 0
github.com/school-crm/backend/internal/handlers/clickuz.go:168.17,171.4 2 0
github.com/school-crm/backend/internal/handlers/clickuz.go:173.3,176.5 1 0
github.com/school-crm/backend/internal/handlers/clickuz.go:181.143,185.2 2 0
github.com/school-crm/backend/internal/handlers/clickuz.go:196.82,197.30 1 0
github.com/school-crm/backend/internal/handlers/clickuz.go:197.30,199.22 2 0
github.com/school-crm/backend/internal/handlers/clickuz.go:199.22,202.4 2 0
github.com/school-crm/backend/internal/handlers/clickuz.go:204.3,205.29 2 0
github.com/school-crm/backend/internal/handlers/clickuz.go:205.29,211.4 2 0
github.com/school-crm/backend/internal/handlers/clickuz.go:213.3,216.5 1 0
github.com/school-crm/backend/internal/handlers/clickuz.go:221.95,223.2 1 0
github.com/school-crm/backend/internal/handlers/clickuz.go:226.96,228.2 1 0
github.com/school-crm/backend/internal/handlers/developer.go:65.63,66.30 1 0
github.com/school-crm/backend/internal/handlers/developer.go:66.30,70.17 3 0
github.com/school-crm/backend/internal/handlers/developer.go:70.17,74.4 3 0
github.com/school-crm/backend/internal/handlers/developer.go:76.3,82.32 2 0
github.com/school-crm/backend/internal/handlers/developer.go:87.67,88.30 1 0
github.com/school-crm/backend/internal/handlers/developer.go:88.30,92.17 3 0
github.com/school-crm/backend/internal/handlers/developer.go:92.17,96.4 3 0
github.com/school-crm/backend/internal/handlers/developer.go:98.3,101.5 1 0
github.com/school-crm/backend/internal/handlers/developer.go:106.62,107.30 1 0
github.com/school-crm/backend/internal/handlers/developer.go:107.30,114.33 4 0
github.com/school-crm/backend/internal/handlers/developer.go:114.33,118.4 3 0
github.com/school-crm/backend/internal/handlers/developer.go:121.3,131.14 3 0
github.com/school-crm/backend/internal/handlers/developer.go:131.14,135.4 3 0
github.com/school-crm/backend/internal/handlers/developer.go:137.3,142.17 4 0
github.com/school-crm/backend/internal/handlers/developer.go:142.17,146.4 3 0
github.com/school-crm/backend/internal/handlers/developer.go:147.3,151.17 3 0
github.com/school-crm/backend/internal/handlers/developer.go:151.17,153.4 1 0
github.com/school-crm/backend/internal/handlers/developer.go:154.3,158.17 3 0
github.com/school-crm/backend/internal/handlers/developer.go:158.17,160.4 1 0
github.com/school-crm/backend/internal/handlers/developer.go:161.3,165.17 3 0
github.com/school-crm/backend/internal/handlers/developer.go:165.17,167.4 1 0
github.com/school-crm/backend/internal/handlers/developer.go:168.3,176.31 5 0
github.com/school-crm/backend/internal/handlers/developer.go:181.44,182.30 1 0
github.com/school-crm/backend/internal/handlers/developer.go:182.30,276.3 4 0
github.com/school-crm/backend/internal/handlers/developer.go:281.65,290.16 2 0
github.com/school-crm/backend/internal/handlers/developer.go:290.16,292.3 1 0
github.com/school-crm/backend/internal/handlers/developer.go:293.2,297.18 3 0
github.com/school-crm/backend/internal/handlers/developer.go:297.18,299.47 2 0
github.com/school-crm/backend/internal/handlers/developer.go:299.47,300.12 1 0
github.com/school-crm/backend/internal/handlers/developer.go:304.3,305.17 2 0
github.com/school-crm/backend/internal/handlers/developer.go:305.17,306.12 1 0
github.com/school-crm/backend/internal/handlers/developer.go:309.3,312.5 1 0
github.com/school-crm/backend/internal/handlers/developer.go:315.2,315.20 1 0
github.com/school-crm/backend/internal/handlers/developer.go:318.82,330.16 2 0
github.com/school-crm/backend/internal/handlers/developer.go:330.16,332.3 1 0
github.com/school-crm/backend/internal/handlers/developer.go:333.2,337.18 3 0
github.com/school-crm/backend/internal/handlers/developer.go:337.18,341.82 3 0
github.com/school-crm/backend/internal/handlers/developer.go:341.82,342.12 1 0
github.com/school-crm/backend/internal/handlers/developer.go:345.3,346.24 2 0
github.com/school-crm/backend/internal/handlers/developer.go:346.24,348.4 1 0
github.com/school-crm/backend/internal/handlers/developer.go:350.3,355.5 1 0
github.com/school-crm/backend/internal/handlers/developer.go:358.2,358.21 1 0
github.com/school-crm/backend/internal/handlers/developer.go:361.78,368.16 2 0
github.com/school-crm/backend/internal/handlers/developer.go:368.16,370.3 1 0
github.com/school-crm/backend/internal/handlers/developer.go:371.2,375.18 3 0
github.com/school-crm/backend/internal/handlers/developer.go:375.18,380.62 4 0
github.com/school-crm/backend/internal/handlers/developer.go:380.62,381.12 1 0
github.com/school-crm/backend/internal/handlers/developer.go:384.3,388.5 1 0
github.com/school-crm/backend/internal/handlers/developer.go:391.2,391.24 1 0
github.com/school-crm/backend/internal/handlers/developer.go:394.92,402.33 3 0
github.com/school-crm/backend/internal/handlers/developer.go:402.33,410.17 3 0
github.com/school-crm/backend/internal/handlers/developer.go:410.17,412.4 1 0
github.com/school-crm/backend/internal/handlers/developer.go:415.2,415.19 1 0
github.com/school-crm/backend/internal/handlers/developer.go:418.92,435.33 3 0
github.com/school-crm/backend/internal/handlers/developer.go:435.33,442.17 2 0
github.com/school-crm/backend/internal/handlers/developer.go:442.17,444.4 1 0
github.com/school-crm/backend/internal/handlers/developer.go:447.2,447.19 1 0
github.com/school-crm/backend/internal/handlers/developer.go:450.91,456.40 3 0
github.com/school-crm/backend/internal/handlers/developer.go:456.40,463.17 2 0
github.com/school-crm/backend/internal/handlers/developer.go:463.17,465.4 1 0
github.com/school-crm/backend/internal/handlers/developer.go:468.2,468.19 1 0
github.com/school-crm/backend/internal/handlers/developer.go:471.92,476.16 2 0
github.com/school-crm/backend/internal/handlers/developer.go:476.16,478.3 1 0
github.com/school-crm/backend/internal/handlers/developer.go:479.2,486.25 4 0
github.com/school-crm/backend/internal/handlers/developer.go:486.25,488.68 2 0
github.com/school-crm/backend/internal/handlers/developer.go:488.68,489.12 1 0
github.com/school-crm/backend/internal/handlers/developer.go:491.3,491.33 1 0
github.com/school-crm/backend/internal/handlers/developer.go:494.2,501.29 7 0
github.com/school-crm/backend/internal/handlers/developer.go:501.29,503.15 2 0
github.com/school-crm/backend/internal/handlers/developer.go:503.15,505.4 1 0
github.com/school-crm/backend/internal/handlers/developer.go:506.3,515.17 4 0
github.com/school-crm/backend/internal/handlers/developer.go:515.17,517.4 1 0
github.com/school-crm/backend/internal/handlers/developer.go:520.2,520.19 1 0
github.com/school-crm/backend/internal/handlers/developer.go:524.67,525.30 1 0
github.com/school-crm/backend/internal/handlers/developer.go:525.30,538.17 4 0
github.com/school-crm/backend/internal/handlers/developer.go:538.17,542.4 3 0
github.com/school-crm/backend/internal/handlers/developer.go:544.3,545.17 2 0
github.com/school-crm/backend/internal/handlers/developer.go:545.17,549.4 3 0
github.com/school-crm/backend/internal/handlers/developer.go:551.3,555.5 2 0
github.com/school-crm/backend/internal/handlers/developer.go:560.65,561.30 1 0
github.com/school-crm/backend/internal/handlers/developer.go:561.30,572.17 3 0
github.com/school-crm/backend/internal/handlers/developer.go:572.17,576.4 3 0
github.com/school-crm/backend/internal/handlers/developer.go:577.3,580.19 3 0
github.com/school-crm/backend/internal/handlers/developer.go:580.19,590.41 7 0
github.com/school-crm/backend/internal/handlers/developer.go:590.41,591.13 1 0
github.com/school-crm/backend/internal/handlers/developer.go:594.4,611.6 1 0
github.com/school-crm/backend/internal/handlers/developer.go:614.3,614.27 1 0
github.com/school-crm/backend/internal/handlers/developer.go:614.27,616.4 1 0
github.com/school-crm/backend/internal/handlers/developer.go:618.3,618.39 1 0
github.com/school-crm/backend/internal/handlers/developer.go:623.57,624.30 1 0
github.com/school-crm/backend/internal/handlers/developer.go:624.30,633.17 3 0
github.com/school-crm/backend/internal/handlers/developer.go:633.17,637.4 3 0
github.com/school-crm/backend/internal/handlers/developer.go:638.3,641.19 3 0
github.com/school-crm/backend/internal/handlers/developer.go:641.19,645.91 3 0
github.com/school-crm/backend/internal/handlers/developer.go:645.91,646.13 1 0
github.com/school-crm/backend/internal/handlers/developer.go:649.4,656.6 1 0
github.com/school-crm/backend/internal/handlers/developer.go:659.3,659.19 1 0
github.com/school-crm/backend/internal/handlers/developer.go:659.19,661.4 1 0
github.com/school-crm/backend/internal/handlers/developer.go:663.3,663.31 1 0
github.com/school-crm/backend/internal/handlers/developer.go:668.128,685.2 7 0
github.com/school-crm/backend/internal/handlers/developer.go:691.124,706.2 11 0
github.com/school-crm/backend/internal/handlers/developer.go:708.70,709.30 1 0
github.com/school-crm/backend/internal/handlers/developer.go:709.30,712.52 3 0
github.com/school-crm/backend/internal/handlers/developer.go:712.52,715.4 2 0
github.com/school-crm/backend/internal/handlers/developer.go:716.3,717.17 2 0
github.com/school-crm/backend/internal/handlers/developer.go:717.17,720.4 2 0
github.com/school-crm/backend/internal/handlers/developer.go:721.3,721.30 1 0
github.com/school-crm/backend/internal/handlers/developer.go:725.70,726.30 1 0
github.com/school-crm/backend/internal/handlers/developer.go:726.30,728.69 2 0
github.com/school-crm/backend/internal/handlers/developer.go:728.69,731.4 2 0
github.com/school-crm/backend/internal/handlers/developer.go:732.3,732.58 1 0
github.com/school-crm/backend/internal/handlers/developer.go:738.80,747.2 7 0
github.com/school-crm/backend/internal/handlers/developer.go:750.60,751.30 1 0
github.com/school-crm/backend/internal/handlers/developer.go:751.30,754.25 3 0
github.com/school-crm/backend/internal/handlers/developer.go:754.25,757.4 2 0
github.com/school-crm/backend/internal/handlers/developer.go:759.3,765.27 3 0
github.com/school-crm/backend/internal/handlers/developer.go:765.27,768.4 2 0
github.com/school-crm/backend/internal/handlers/developer.go:769.3,769.17 1 0
github.com/school-crm/backend/internal/handlers/developer.go:769.17,773.4 3 0
github.com/school-crm/backend/internal/handlers/developer.go:775.3,776.56 2 0
github.com/school-crm/backend/internal/handlers/developer.go:776.56,778.4 1 0
github.com/school-crm/backend/internal/handlers/developer.go:780.3,780.34 1 0
github.com/school-crm/backend/internal/handlers/developer.go:785.63,786.30 1 0
github.com/school-crm/backend/internal/handlers/developer.go:786.30,789.25 3 0
github.com/school-crm/backend/internal/handlers/developer.go:789.25,792.4 2 0
github.com/school-crm/backend/internal/handlers/developer.go:794.3,795.53 2 0
github.com/school-crm/backend/internal/handlers/developer.go:795.53,798.4 2 0
github.com/school-crm/backend/internal/handlers/developer.go:801.3,807.41 3 0
github.com/school-crm/backend/internal/handlers/developer.go:807.41,811.4 3 0
github.com/school-crm/backend/internal/handlers/developer.go:814.3,816.30 3 0
github.com/school-crm/backend/internal/handlers/developer.go:816.30,818.4 1 0
github.com/school-crm/backend/internal/handlers/developer.go:820.3,821.17 2 0
github.com/school-crm/backend/internal/handlers/developer.go:821.17,824.4 2 0
github.com/school-crm/backend/internal/handlers/developer.go:826.3,831.17 2 0
github.com/school-crm/backend/internal/handlers/developer.go:831.17,835.4 3 0
github.com/school-crm/backend/internal/handlers/developer.go:837.3,838.33 2 0
github.com/school-crm/backend/internal/handlers/developer.go:845.100,848.24 3 0
github.com/school-crm/backend/internal/handlers/developer.go:848.24,851.3 2 0
github.com/school-crm/backend/internal/handlers/developer.go:852.2,858.16 3 0
github.com/school-crm/backend/internal/handlers/developer.go:858.16,861.3 2 0
github.com/school-crm/backend/internal/handlers/developer.go:862.2,864.30 3 0
github.com/school-crm/backend/internal/handlers/developer.go:868.113,875.16 3 0
github.com/school-crm/backend/internal/handlers/developer.go:875.16,879.3 3 0
github.com/school-crm/backend/internal/handlers/developer.go:880.2,880.13 1 0
github.com/school-crm/backend/internal/handlers/developer.go:884.72,885.30 1 0
github.com/school-crm/backend/internal/handlers/developer.go:885.30,887.10 2 0
github.com/school-crm/backend/internal/handlers/developer.go:887.10,889.4 1 0
github.com/school-crm/backend/internal/handlers/developer.go:890.3,891.19 2 0
github.com/school-crm/backend/internal/handlers/developer.go:891.19,893.4 1 0
github.com/school-crm/backend/internal/handlers/developer.go:894.3,894.31 1 0
github.com/school-crm/backend/internal/handlers/developer.go:899.75,900.30 1 0
github.com/school-crm/backend/internal/handlers/developer.go:900.30,902.10 2 0
github.com/school-crm/backend/internal/handlers/developer.go:902.10,904.4 1 0
github.com/school-crm/backend/internal/handlers/developer.go:905.3,906.53 2 0
github.com/school-crm/backend/internal/handlers/developer.go:906.53,909.4 2 0
github.com/school-crm/backend/internal/handlers/developer.go:910.3,911.53 2 0
github.com/school-crm/backend/internal/handlers/developer.go:911.53,913.4 1 0
github.com/school-crm/backend/internal/handlers/developer.go:914.3,914.34 1 0
github.com/school-crm/backend/internal/handlers/developer.go:919.69,920.30 1 0
github.com/school-crm/backend/internal/handlers/developer.go:920.30,922.10 2 0
github.com/school-crm/backend/internal/handlers/developer.go:922.10,924.4 1 0
github.com/school-crm/backend/internal/handlers/developer.go:925.3,926.22 2 0
github.com/school-crm/backend/internal/handlers/developer.go:926.22,928.4 1 0
github.com/school-crm/backend/internal/handlers/developer.go:929.3,929.34 1 0
github.com/school-crm/backend/internal/handlers/developer.go:934.72,935.30 1 0
github.com/school-crm/backend/internal/handlers/developer.go:935.30,937.10 2 0
github.com/school-crm/backend/internal/handlers/developer.go:937.10,939.4 1 0
github.com/school-crm/backend/internal/handlers/developer.go:940.3,941.53 2 0
github.com/school-crm/backend/internal/handlers/developer.go:941.53,944.4 2 0
github.com/school-crm/backend/internal/handlers/developer.go:945.3,946.53 2 0
github.com/school-crm/backend/internal/handlers/developer.go:946.53,948.4 1 0
github.com/school-crm/backend/internal/handlers/developer.go:949.3,949.34 1 0
github.com/school-crm/backend/internal/handlers/developer.go:955.61,956.30 1 0
github.com/school-crm/backend/internal/handlers/developer.go:956.30,964.17 2 0
github.com/school-crm/backend/internal/handlers/developer.go:964.17,967.4 2 0
github.com/school-crm/backend/internal/handlers/developer.go:968.3,980.19 4 0
github.com/school-crm/backend/internal/handlers/developer.go:980.19,983.97 3 0
github.com/school-crm/backend/internal/handlers/developer.go:983.97,984.13 1 0
github.com/school-crm/backend/internal/handlers/developer.go:986.4,986.19 1 0
github.com/school-crm/backend/internal/handlers/developer.go:986.19,990.5 3 0
github.com/school-crm/backend/internal/handlers/developer.go:991.4,991.30 1 0
github.com/school-crm/backend/internal/handlers/developer.go:993.3,993.32 1 0
github.com/school-crm/backend/internal/handlers/developer_auth.go:26.99,27.30 1 0
github.com/school-crm/backend/internal/handlers/developer_auth.go:27.30,30.48 2 0
github.com/school-crm/backend/internal/handlers/developer_auth.go:30.48,34.4 3 0
github.com/school-crm/backend/internal/handlers/developer_auth.go:36.3,40.17 3 0
github.com/school-crm/backend/internal/handlers/developer_auth.go:40.17,44.4 3 0
github.com/school-crm/backend/internal/handlers/developer_auth.go:47.3,55.17 3 0
github.com/school-crm/backend/internal/handlers/developer_auth.go:55.17,59.4 3 0
github.com/school-crm/backend/internal/handlers/developer_auth.go:61.3,69.5 2 0
github.com/school-crm/backend/internal/handlers/developer_auth.go:84.102,85.30 1 0
github.com/school-crm/backend/internal/handlers/developer_auth.go:85.30,88.48 2 0
github.com/school-crm/backend/internal/handlers/developer_auth.go:88.48,92.4 3 0
github.com/school-crm/backend/internal/handlers/developer_auth.go:94.3,98.17 3 0
github.com/school-crm/backend/internal/handlers/developer_auth.go:98.17,102.4 3 0
github.com/school-crm/backend/internal/handlers/developer_auth.go:105.3,113.17 3 0
github.com/school-crm/backend/internal/handlers/developer_auth.go:113.17,117.4 3 0
github.com/school-crm/backend/internal/handlers/developer_auth.go:119.3,127.5 2 0
github.com/school-crm/backend/internal/handlers/developer_auth.go:132.60,133.30 1 0
github.com/school-crm/backend/internal/handlers/developer_auth.go:133.30,135.23 2 0
github.com/school-crm/backend/internal/handlers/developer_auth.go:135.23,139.4 3 0
github.com/school-crm/backend/internal/handlers/developer_auth.go:142.3,143.46 2 0
github.com/school-crm/backend/internal/handlers/developer_auth.go:143.46,147.4 3 0
github.com/school-crm/backend/internal/handlers/developer_auth.go:149.3,152.112 2 0
github.com/school-crm/backend/internal/handlers/developer_auth.go:152.112,154.4 1 0
github.com/school-crm/backend/internal/handlers/developer_auth.go:156.3,156.33 1 0
github.com/school-crm/backend/internal/handlers/developer_auth.go:156.33,161.4 4 0
github.com/school-crm/backend/internal/handlers/developer_auth.go:163.3,164.10 2 0
github.com/school-crm/backend/internal/handlers/developer_auth.go:164.10,168.4 3 0
github.com/school-crm/backend/internal/handlers/developer_auth.go:171.3,171.82 1 0
github.com/school-crm/backend/internal/handlers/developer_auth.go:171.82,175.4 3 0
github.com/school-crm/backend/internal/handlers/developer_auth.go:178.3,178.57 1 0
github.com/school-crm/backend/internal/handlers/developer_auth.go:178.57,180.4 1 0
github.com/school-crm/backend/internal/handlers/developer_auth.go:181.3,181.50 1 0
github.com/school-crm/backend/internal/handlers/developer_auth.go:181.50,183.4 1 0
github.com/school-crm/backend/internal/handlers/developer_auth.go:184.3,184.48 1 0
github.com/school-crm/backend/internal/handlers/developer_auth.go:184.48,186.4 1 0
github.com/school-crm/backend/internal/handlers/developer_auth.go:188.3,188.11 1 0
github.com/school-crm/backend/internal/handlers/developer_auth.go:193.116,197.2 3 0
github.com/school-crm/backend/internal/handlers/expense.go:14.165,22.2 7 0
github.com/school-crm/backend/internal/handlers/expense.go:24.76,25.30 1 0
github.com/school-crm/backend/internal/handlers/expense.go:25.30,27.17 2 0
github.com/school-crm/backend/internal/handlers/expense.go:27.17,30.4 2 0
github.com/school-crm/backend/internal/handlers/expense.go:32.3,33.48 2 0
github.com/school-crm/backend/internal/handlers/expense.go:33.48,36.4 2 0
github.com/school-crm/backend/internal/handlers/expense.go:38.3,39.17 2 0
github.com/school-crm/backend/internal/handlers/expense.go:39.17,40.55 1 0
github.com/school-crm/backend/internal/handlers/expense.go:40.55,43.5 2 0
github.com/school-crm/backend/internal/handlers/expense.go:44.4,45.10 2 0
github.com/school-crm/backend/internal/handlers/expense.go:47.3,47.38 1 0
github.com/school-crm/backend/internal/handlers/expense.go:51.73,52.30 1 0
github.com/school-crm/backend/internal/handlers/expense.go:52.30,55.17 3 0
github.com/school-crm/backend/internal/handlers/expense.go:55.17,58.4 2 0
github.com/school-crm/backend/internal/handlers/expense.go:59.3,59.33 1 0
github.com/school-crm/backend/internal/handlers/expense.go:63.147,64.30 1 0
github.com/school-crm/backend/internal/handlers/expense.go:64.30,66.21 2 0
github.com/school-crm/backend/internal/handlers/expense.go:66.21,69.4 2 0
github.com/school-crm/backend/internal/handlers/expense.go:72.3,77.17 4 0
github.com/school-crm/backend/internal/handlers/expense.go:77.17,80.4 2 0
github.com/school-crm/backend/internal/handlers/expense.go:83.3,83.14 1 0
github.com/school-crm/backend/internal/handlers/expense.go:83.14,87.33 3 0
github.com/school-crm/backend/internal/handlers/expense.go:87.33,91.19 4 0
github.com/school-crm/backend/internal/handlers/expense.go:91.19,94.6 2 0
github.com/school-crm/backend/internal/handlers/expense.go:95.5,96.11 2 0
github.com/school-crm/backend/internal/handlers/expense.go:99.4,100.18 2 0
github.com/school-crm/backend/internal/handlers/expense.go:100.18,103.5 2 0
github.com/school-crm/backend/internal/handlers/expense.go:104.4,105.10 2 0
github.com/school-crm/backend/internal/handlers/expense.go:109.3,111.17 3 0
github.com/school-crm/backend/internal/handlers/expense.go:111.17,114.4 2 0
github.com/school-crm/backend/internal/handlers/expense.go:116.3,116.34 1 0
github.com/school-crm/backend/internal/handlers/expense.go:120.110,121.30 1 0
github.com/school-crm/backend/internal/handlers/expense.go:121.30,128.48 5 0
github.com/school-crm/backend/internal/handlers/expense.go:128.48,131.4 2 0
github.com/school-crm/backend/internal/handlers/expense.go:133.3,134.17 2 0
github.com/school-crm/backend/internal/handlers/expense.go:134.17,135.55 1 0
github.com/school-crm/backend/internal/handlers/expense.go:135.55,138.5 2 0
github.com/school-crm/backend/internal/handlers/expense.go:139.4,140.10 2 0
github.com/school-crm/backend/internal/handlers/expense.go:142.3,142.33 1 0
github.com/school-crm/backend/internal/handlers/expense.go:146.148,147.30 1 0
github.com/school-crm/backend/internal/handlers/expense.go:147.30,152.17 3 0
github.com/school-crm/backend/internal/handlers/expense.go:152.17,155.4 2 0
github.com/school-crm/backend/internal/handlers/expense.go:158.3,159.17 2 0
github.com/school-crm/backend/internal/handlers/expense.go:159.17,162.4 2 0
github.com/school-crm/backend/internal/handlers/expense.go:165.3,173.30 7 0
github.com/school-crm/backend/internal/handlers/expense.go:173.30,176.4 2 0
github.com/school-crm/backend/internal/handlers/expense.go:178.3,178.72 1 0
github.com/school-crm/backend/internal/handlers/expense.go:178.72,181.4 2 0
github.com/school-crm/backend/internal/handlers/expense.go:183.3,183.61 1 0
github.com/school-crm/backend/internal/handlers/expense.go:188.162,189.30 1 0
github.com/school-crm/backend/internal/handlers/expense.go:189.30,201.21 9 0
github.com/school-crm/backend/internal/handlers/expense.go:201.21,204.4 2 0
github.com/school-crm/backend/internal/handlers/expense.go:207.3,211.32 3 0
github.com/school-crm/backend/internal/handlers/expense.go:211.32,213.18 2 0
github.com/school-crm/backend/internal/handlers/expense.go:213.18,216.5 2 0
github.com/school-crm/backend/internal/handlers/expense.go:217.4,218.36 2 0
github.com/school-crm/backend/internal/handlers/expense.go:222.3,222.15 1 0
github.com/school-crm/backend/internal/handlers/expense.go:222.15,224.18 2 0
github.com/school-crm/backend/internal/handlers/expense.go:224.18,227.5 2 0
github.com/school-crm/backend/internal/handlers/expense.go:228.4,229.36 2 0
github.com/school-crm/backend/internal/handlers/expense.go:233.3,243.17 2 0
github.com/school-crm/backend/internal/handlers/expense.go:243.17,246.4 2 0
github.com/school-crm/backend/internal/handlers/expense.go:249.3,251.17 3 0
github.com/school-crm/backend/internal/handlers/expense.go:251.17,258.4 1 0
github.com/school-crm/backend/internal/handlers/expense.go:261.3,269.34 2 0
github.com/school-crm/backend/internal/handlers/jobs.go:14.68,17.2 2 0
github.com/school-crm/backend/internal/handlers/jobs.go:34.51,35.30 1 0
github.com/school-crm/backend/internal/handlers/jobs.go:35.30,37.48 2 0
github.com/school-crm/backend/internal/handlers/jobs.go:37.48,40.4 2 0
github.com/school-crm/backend/internal/handlers/jobs.go:41.3,41.25 1 0
github.com/school-crm/backend/internal/handlers/jobs.go:41.25,44.4 2 0
github.com/school-crm/backend/internal/handlers/jobs.go:46.3,51.19 2 0
github.com/school-crm/backend/internal/handlers/jobs.go:52.30,53.50 1 0
github.com/school-crm/backend/internal/handlers/jobs.go:53.50,56.5 2 0
github.com/school-crm/backend/internal/handlers/jobs.go:57.4,65.6 1 0
github.com/school-crm/backend/internal/handlers/jobs.go:67.29,68.50 1 0
github.com/school-crm/backend/internal/handlers/jobs.go:68.50,71.5 2 0
github.com/school-crm/backend/internal/handlers/jobs.go:72.4,77.6 1 0
github.com/school-crm/backend/internal/handlers/jobs.go:79.30,80.40 1 0
github.com/school-crm/backend/internal/handlers/jobs.go:80.40,83.5 2 0
github.com/school-crm/backend/internal/handlers/jobs.go:84.4,89.6 1 0
github.com/school-crm/backend/internal/handlers/jobs.go:91.31,92.50 1 0
github.com/school-crm/backend/internal/handlers/jobs.go:92.50,95.5 2 0
github.com/school-crm/backend/internal/handlers/jobs.go:96.4,101.6 1 0
github.com/school-crm/backend/internal/handlers/jobs.go:103.33,104.50 1 0
github.com/school-crm/backend/internal/handlers/jobs.go:104.50,107.5 2 0
github.com/school-crm/backend/internal/handlers/jobs.go:108.4,112.6 1 0
github.com/school-crm/backend/internal/handlers/jobs.go:114.11,125.10 2 0
github.com/school-crm/backend/internal/handlers/jobs.go:128.3,128.17 1 0
github.com/school-crm/backend/internal/handlers/jobs.go:128.17,131.4 2 0
github.com/school-crm/backend/internal/handlers/jobs.go:133.3,138.5 2 0
github.com/school-crm/backend/internal/handlers/jobs.go:142.48,143.30 1 0
github.com/school-crm/backend/internal/handlers/jobs.go:143.30,146.10 3 0
github.com/school-crm/backend/internal/handlers/jobs.go:146.10,149.4 2 0
github.com/school-crm/backend/internal/handlers/jobs.go:151.3,160.23 3 0
github.com/school-crm/backend/internal/handlers/jobs.go:160.23,162.4 1 0
github.com/school-crm/backend/internal/handlers/jobs.go:163.3,163.56 1 0
github.com/school-crm/backend/internal/handlers/jobs.go:163.56,165.4 1 0
github.com/school-crm/backend/internal/handlers/jobs.go:167.3,168.71 2 0
github.com/school-crm/backend/internal/handlers/jobs.go:168.71,170.4 1 0
github.com/school-crm/backend/internal/handlers/jobs.go:171.3,171.27 1 0
github.com/school-crm/backend/internal/handlers/logs.go:35.76,38.2 2 0
github.com/school-crm/backend/internal/handlers/logs.go:42.91,44.2 1 0
github.com/school-crm/backend/internal/handlers/logs.go:48.56,49.30 1 0
github.com/school-crm/backend/internal/handlers/logs.go:49.30,51.37 2 0
github.com/school-crm/backend/internal/handlers/logs.go:51.37,52.82 1 0
github.com/school-crm/backend/internal/handlers/logs.go:52.82,54.5 1 0
github.com/school-crm/backend/internal/handlers/logs.go:56.3,68.17 5 0
github.com/school-crm/backend/internal/handlers/logs.go:68.17,72.4 3 0
github.com/school-crm/backend/internal/handlers/logs.go:73.3,76.19 3 0
github.com/school-crm/backend/internal/handlers/logs.go:76.19,80.91 4 0
github.com/school-crm/backend/internal/handlers/logs.go:80.91,81.13 1 0
github.com/school-crm/backend/internal/handlers/logs.go:83.4,84.63 2 0
github.com/school-crm/backend/internal/handlers/logs.go:84.63,86.5 1 0
github.com/school-crm/backend/internal/handlers/logs.go:87.4,87.32 1 0
github.com/school-crm/backend/internal/handlers/logs.go:90.3,90.33 1 0
github.com/school-crm/backend/internal/handlers/logs.go:95.58,96.30 1 0
github.com/school-crm/backend/internal/handlers/logs.go:96.30,98.17 2 0
github.com/school-crm/backend/internal/handlers/logs.go:98.17,102.4 3 0
github.com/school-crm/backend/internal/handlers/logs.go:103.3,104.58 2 0
github.com/school-crm/backend/internal/handlers/logs.go:110.73,111.30 1 0
github.com/school-crm/backend/internal/handlers/logs.go:111.30,113.22 1 0
github.com/school-crm/backend/internal/handlers/logs.go:113.22,115.95 2 0
github.com/school-crm/backend/internal/handlers/logs.go:115.95,118.5 2 0
github.com/school-crm/backend/internal/handlers/logs.go:121.3,122.48 2 0
github.com/school-crm/backend/internal/handlers/logs.go:122.48,125.4 2 0
github.com/school-crm/backend/internal/handlers/logs.go:127.3,128.18 2 0
github.com/school-crm/backend/internal/handlers/logs.go:128.18,130.4 1 0
github.com/school-crm/backend/internal/handlers/logs.go:131.3,133.20 3 0
github.com/school-crm/backend/internal/handlers/logs.go:133.20,136.4 2 0
github.com/school-crm/backend/internal/handlers/logs.go:138.3,139.26 2 0
github.com/school-crm/backend/internal/handlers/logs.go:139.26,140.56 1 0
github.com/school-crm/backend/internal/handlers/logs.go:140.56,142.5 1 0
github.com/school-crm/backend/internal/handlers/logs.go:145.3,153.17 3 0
github.com/school-crm/backend/internal/handlers/logs.go:153.17,157.4 3 0
github.com/school-crm/backend/internal/handlers/logs.go:159.3,159.46 1 0
github.com/school-crm/backend/internal/handlers/logs.go:165.59,166.30 1 0
github.com/school-crm/backend/internal/handlers/logs.go:166.30,171.19 3 0
github.com/school-crm/backend/internal/handlers/logs.go:171.19,173.4 1 0
github.com/school-crm/backend/internal/handlers/logs.go:175.3,176.20 2 0
github.com/school-crm/backend/internal/handlers/logs.go:176.20,178.4 1 0
github.com/school-crm/backend/internal/handlers/logs.go:180.3,183.20 4 0
github.com/school-crm/backend/internal/handlers/logs.go:183.20,185.4 1 0
github.com/school-crm/backend/internal/handlers/logs.go:188.3,190.27 3 0
github.com/school-crm/backend/internal/handlers/logs.go:190.27,191.38 1 0
github.com/school-crm/backend/internal/handlers/logs.go:191.38,193.10 2 0
github.com/school-crm/backend/internal/handlers/logs.go:197.3,210.17 3 0
github.com/school-crm/backend/internal/handlers/logs.go:210.17,213.4 1 0
github.com/school-crm/backend/internal/handlers/logs.go:218.98,220.17 2 0
github.com/school-crm/backend/internal/handlers/logs.go:220.17,221.47 1 0
github.com/school-crm/backend/internal/handlers/logs.go:221.47,223.4 1 0
github.com/school-crm/backend/internal/handlers/logs.go:225.2,230.16 2 0
github.com/school-crm/backend/internal/handlers/logs.go:230.16,232.3 1 0
github.com/school-crm/backend/internal/handlers/logs.go:236.51,245.2 3 0
github.com/school-crm/backend/internal/handlers/logs.go:248.63,250.30 2 0
github.com/school-crm/backend/internal/handlers/logs.go:250.30,252.13 2 0
github.com/school-crm/backend/internal/handlers/logs.go:252.13,254.4 1 0
github.com/school-crm/backend/internal/handlers/logs.go:255.3,255.13 1 0
github.com/school-crm/backend/internal/handlers/logs.go:255.13,257.4 1 0
github.com/school-crm/backend/internal/handlers/logs.go:259.3,260.19 2 0
github.com/school-crm/backend/internal/handlers/logs.go:260.19,262.4 1 0
github.com/school-crm/backend/internal/handlers/logs.go:264.3,267.81 2 0
github.com/school-crm/backend/internal/handlers/logs.go:267.81,269.4 1 0
github.com/school-crm/backend/internal/handlers/logs.go:271.3,272.20 2 0
github.com/school-crm/backend/internal/handlers/logs.go:272.20,274.4 1 0
github.com/school-crm/backend/internal/handlers/logs.go:276.3,278.20 3 0
github.com/school-crm/backend/internal/handlers/logs.go:278.20,280.4 1 0
github.com/school-crm/backend/internal/handlers/logs.go:282.3,284.27 3 0
github.com/school-crm/backend/internal/handlers/logs.go:284.27,285.38 1 0
github.com/school-crm/backend/internal/handlers/logs.go:285.38,287.10 2 0
github.com/school-crm/backend/internal/handlers/logs.go:291.3,298.23 3 0
github.com/school-crm/backend/internal/handlers/logs.go:298.23,300.4 1 0
github.com/school-crm/backend/internal/handlers/logs.go:302.3,309.17 2 0
github.com/school-crm/backend/internal/handlers/logs.go:309.17,311.4 1 0
github.com/school-crm/backend/internal/handlers/logs.go:317.54,318.20 1 0
github.com/school-crm/backend/internal/handlers/logs.go:318.20,320.3 1 0
github.com/school-crm/backend/internal/handlers/logs.go:321.2,322.52 1 0
github.com/school-crm/backend/internal/handlers/logs.go:326.44,329.16 3 0
github.com/school-crm/backend/internal/handlers/logs.go:329.16,330.54 1 0
github.com/school-crm/backend/internal/handlers/logs.go:330.54,332.4 1 0
github.com/school-crm/backend/internal/handlers/logs.go:332.9,334.4 1 0
github.com/school-crm/backend/internal/handlers/logs.go:335.8,337.3 1 0
github.com/school-crm/backend/internal/handlers/logs.go:341.39,342.16 1 0
github.com/school-crm/backend/internal/handlers/logs.go:342.16,344.3 1 0
github.com/school-crm/backend/internal/handlers/logs.go:345.2,347.47 2 0
github.com/school-crm/backend/internal/handlers/messaging.go:18.120,23.2 4 0
github.com/school-crm/backend/internal/handlers/messaging.go:25.66,26.30 1 0
github.com/school-crm/backend/internal/handlers/messaging.go:26.30,28.21 2 0
github.com/school-crm/backend/internal/handlers/messaging.go:28.21,30.4 1 0
github.com/school-crm/backend/internal/handlers/messaging.go:31.3,31.21 1 0
github.com/school-crm/backend/internal/handlers/messaging.go:31.21,34.4 2 0
github.com/school-crm/backend/internal/handlers/messaging.go:35.3,36.37 2 0
github.com/school-crm/backend/internal/handlers/messaging.go:36.37,37.45 1 0
github.com/school-crm/backend/internal/handlers/messaging.go:37.45,39.5 1 0
github.com/school-crm/backend/internal/handlers/messaging.go:41.3,42.17 2 0
github.com/school-crm/backend/internal/handlers/messaging.go:42.17,45.4 2 0
github.com/school-crm/backend/internal/handlers/messaging.go:46.3,46.30 1 0
github.com/school-crm/backend/internal/handlers/messaging.go:50.65,51.30 1 0
github.com/school-crm/backend/internal/handlers/messaging.go:51.30,53.17 2 0
github.com/school-crm/backend/internal/handlers/messaging.go:53.17,56.4 2 0
github.com/school-crm/backend/internal/handlers/messaging.go:57.3,58.48 2 0
github.com/school-crm/backend/internal/handlers/messaging.go:58.48,61.4 2 0
github.com/school-crm/backend/internal/handlers/messaging.go:62.3,63.17 2 0
github.com/school-crm/backend/internal/handlers/messaging.go:63.17,66.4 2 0
github.com/school-crm/backend/internal/handlers/messaging.go:67.3,67.32 1 0
github.com/school-crm/backend/internal/handlers/messaging.go:71.72,72.30 1 0
github.com/school-crm/backend/internal/handlers/messaging.go:72.30,77.49 3 0
github.com/school-crm/backend/internal/handlers/messaging.go:77.49,80.4 2 0
github.com/school-crm/backend/internal/handlers/messaging.go:81.3,81.98 1 0
github.com/school-crm/backend/internal/handlers/messaging.go:81.98,84.4 2 0
github.com/school-crm/backend/internal/handlers/messaging.go:85.3,85.48 1 0
github.com/school-crm/backend/internal/handlers/notification.go:17.101,23.2 5 0
github.com/school-crm/backend/internal/handlers/notification.go:25.74,26.30 1 0
github.com/school-crm/backend/internal/handlers/notification.go:26.30,28.21 2 0
github.com/school-crm/backend/internal/handlers/notification.go:28.21,31.4 2 0
github.com/school-crm/backend/internal/handlers/notification.go:32.3,34.17 3 0
github.com/school-crm/backend/internal/handlers/notification.go:34.17,37.4 2 0
github.com/school-crm/backend/internal/handlers/notification.go:38.3,38.39 1 0
github.com/school-crm/backend/internal/handlers/notification.go:42.68,43.30 1 0
github.com/school-crm/backend/internal/handlers/notification.go:43.30,45.21 2 0
github.com/school-crm/backend/internal/handlers/notification.go:45.21,48.4 2 0
github.com/school-crm/backend/internal/handlers/notification.go:49.3,50.17 2 0
github.com/school-crm/backend/internal/handlers/notification.go:50.17,53.4 2 0
github.com/school-crm/backend/internal/handlers/notification.go:54.3,54.47 1 0
github.com/school-crm/backend/internal/handlers/notification.go:58.65,59.30 1 0
github.com/school-crm/backend/internal/handlers/notification.go:59.30,62.21 3 0
github.com/school-crm/backend/internal/handlers/notification.go:62.21,65.4 2 0
github.com/school-crm/backend/internal/handlers/notification.go:66.3,66.73 1 0
github.com/school-crm/backend/internal/handlers/notification.go:66.73,69.4 2 0
github.com/school-crm/backend/internal/handlers/notification.go:70.3,70.43 1 0
github.com/school-crm/backend/internal/handlers/notification.go:74.68,75.30 1 0
github.com/school-crm/backend/internal/handlers/notification.go:75.30,77.21 2 0
github.com/school-crm/backend/internal/handlers/notification.go:77.21,80.4 2 0
github.com/school-crm/backend/internal/handlers/notification.go:81.3,81.72 1 0
github.com/school-crm/backend/internal/handlers/notification.go:81.72,84.4 2 0
github.com/school-crm/backend/internal/handlers/notification.go:85.3,85.43 1 0
github.com/school-crm/backend/internal/handlers/payment.go:15.248,29.2 13 0
github.com/school-crm/backend/internal/handlers/payment.go:31.119,32.30 1 0
github.com/school-crm/backend/internal/handlers/payment.go:32.30,34.17 2 0
github.com/school-crm/backend/internal/handlers/payment.go:34.17,37.4 2 0
github.com/school-crm/backend/internal/handlers/payment.go:39.3,40.48 2 0
github.com/school-crm/backend/internal/handlers/payment.go:40.48,43.4 2 0
github.com/school-crm/backend/internal/handlers/payment.go:45.3,46.17 2 0
github.com/school-crm/backend/internal/handlers/payment.go:46.17,47.55 1 0
github.com/school-crm/backend/internal/handlers/payment.go:47.55,50.5 2 0
github.com/school-crm/backend/internal/handlers/payment.go:51.4,52.10 2 0
github.com/school-crm/backend/internal/handlers/payment.go:56.3,56.26 1 0
github.com/school-crm/backend/internal/handlers/payment.go:56.26,61.4 2 0
github.com/school-crm/backend/internal/handlers/payment.go:63.3,63.38 1 0
github.com/school-crm/backend/internal/handlers/payment.go:67.73,68.30 1 0
github.com/school-crm/backend/internal/handlers/payment.go:68.30,71.17 3 0
github.com/school-crm/backend/internal/handlers/payment.go:71.17,74.4 2 0
github.com/school-crm/backend/internal/handlers/payment.go:75.3,75.33 1 0
github.com/school-crm/backend/internal/handlers/payment.go:79.147,80.30 1 0
github.com/school-crm/backend/internal/handlers/payment.go:80.30,90.18 9 0
github.com/school-crm/backend/internal/handlers/payment.go:90.18,92.4 1 0
github.com/school-crm/backend/internal/handlers/payment.go:93.3,93.19 1 0
github.com/school-crm/backend/internal/handlers/payment.go:93.19,95.4 1 0
github.com/school-crm/backend/internal/handlers/payment.go:96.3,96.23 1 0
github.com/school-crm/backend/internal/handlers/payment.go:96.23,98.4 1 0
github.com/school-crm/backend/internal/handlers/payment.go:100.3,103.21 3 0
github.com/school-crm/backend/internal/handlers/payment.go:103.21,105.18 2 0
github.com/school-crm/backend/internal/handlers/payment.go:105.18,108.5 2 0
github.com/school-crm/backend/internal/handlers/payment.go:110.4,110.44 1 0
github.com/school-crm/backend/internal/handlers/payment.go:110.44,112.19 2 0
github.com/school-crm/backend/internal/handlers/payment.go:112.19,115.6 2 0
github.com/school-crm/backend/internal/handlers/payment.go:116.5,117.11 2 0
github.com/school-crm/backend/internal/handlers/payment.go:120.4,121.18 2 0
github.com/school-crm/backend/internal/handlers/payment.go:121.18,124.5 2 0
github.com/school-crm/backend/internal/handlers/payment.go:125.4,126.10 2 0
github.com/school-crm/backend/internal/handlers/payment.go:129.3,129.51 1 0
github.com/school-crm/backend/internal/handlers/payment.go:129.51,132.18 3 0
github.com/school-crm/backend/internal/handlers/payment.go:132.18,135.5 2 0
github.com/school-crm/backend/internal/handlers/payment.go:136.4,137.10 2 0
github.com/school-crm/backend/internal/handlers/payment.go:140.3,140.97 1 0
github.com/school-crm/backend/internal/handlers/payment.go:144.153,145.30 1 0
github.com/school-crm/backend/internal/handlers/payment.go:145.30,152.52 5 0
github.com/school-crm/backend/internal/handlers/payment.go:152.52,155.4 2 0
github.com/school-crm/backend/internal/handlers/payment.go:157.3,158.17 2 0
github.com/school-crm/backend/internal/handlers/payment.go:158.17,159.55 1 0
github.com/school-crm/backend/internal/handlers/payment.go:159.55,162.5 2 0
github.com/school-crm/backend/internal/handlers/payment.go:163.4,164.10 2 0
github.com/school-crm/backend/internal/handlers/payment.go:168.3,168.26 1 0
github.com/school-crm/backend/internal/handlers/payment.go:168.26,169.78 1 0
github.com/school-crm/backend/internal/handlers/payment.go:169.78,174.5 2 0
github.com/school-crm/backend/internal/handlers/payment.go:177.3,177.33 1 0
github.com/school-crm/backend/internal/handlers/payment.go:182.90,184.22 2 0
github.com/school-crm/backend/internal/handlers/payment.go:184.22,186.3 1 0
github.com/school-crm/backend/internal/handlers/payment.go:186.8,186.32 1 0
github.com/school-crm/backend/internal/handlers/payment.go:186.32,188.3 1 0
github.com/school-crm/backend/internal/handlers/payment.go:189.2,189.86 1 0
github.com/school-crm/backend/internal/handlers/payment.go:192.148,193.30 1 0
github.com/school-crm/backend/internal/handlers/payment.go:193.30,197.17 3 0
github.com/school-crm/backend/internal/handlers/payment.go:197.17,200.4 2 0
github.com/school-crm/backend/internal/handlers/payment.go:202.3,203.17 2 0
github.com/school-crm/backend/internal/handlers/payment.go:203.17,206.4 2 0
github.com/school-crm/backend/internal/handlers/payment.go:208.3,212.30 4 0
github.com/school-crm/backend/internal/handlers/payment.go:212.30,215.4 2 0
github.com/school-crm/backend/internal/handlers/payment.go:217.3,217.72 1 0
github.com/school-crm/backend/internal/handlers/payment.go:217.72,220.4 2 0
github.com/school-crm/backend/internal/handlers/payment.go:221.3,221.61 1 0
github.com/school-crm/backend/internal/handlers/payment.go:225.118,226.30 1 0
github.com/school-crm/backend/internal/handlers/payment.go:226.30,230.17 3 0
github.com/school-crm/backend/internal/handlers/payment.go:230.17,233.4 2 0
github.com/school-crm/backend/internal/handlers/payment.go:235.3,236.17 2 0
github.com/school-crm/backend/internal/handlers/payment.go:236.17,239.4 2 0
github.com/school-crm/backend/internal/handlers/payment.go:240.3,240.33 1 0
github.com/school-crm/backend/internal/handlers/payment.go:244.83,245.30 1 0
github.com/school-crm/backend/internal/handlers/payment.go:245.30,250.17 4 0
github.com/school-crm/backend/internal/handlers/payment.go:250.17,253.4 2 0
github.com/school-crm/backend/internal/handlers/payment.go:255.3,256.17 2 0
github.com/school-crm/backend/internal/handlers/payment.go:256.17,259.4 2 0
github.com/school-crm/backend/internal/handlers/payment.go:260.3,260.33 1 0
github.com/school-crm/backend/internal/handlers/payment.go:264.121,265.30 1 0
github.com/school-crm/backend/internal/handlers/payment.go:265.30,271.14 4 0
github.com/school-crm/backend/internal/handlers/payment.go:271.14,273.18 2 0
github.com/school-crm/backend/internal/handlers/payment.go:273.18,276.5 2 0
github.com/school-crm/backend/internal/handlers/payment.go:277.4,278.10 2 0
github.com/school-crm/backend/internal/handlers/payment.go:281.3,281.32 1 0
github.com/school-crm/backend/internal/handlers/payment.go:281.32,284.4 2 0
github.com/school-crm/backend/internal/handlers/payment.go:285.3,285.41 1 0
github.com/school-crm/backend/internal/handlers/payment.go:289.86,290.30 1 0
github.com/school-crm/backend/internal/handlers/payment.go:290.30,294.21 3 0
github.com/school-crm/backend/internal/handlers/payment.go:294.21,297.4 2 0
github.com/school-crm/backend/internal/handlers/payment.go:299.3,300.17 2 0
github.com/school-crm/backend/internal/handlers/payment.go:300.17,303.4 2 0
github.com/school-crm/backend/internal/handlers/payment.go:304.3,304.32 1 0
github.com/school-crm/backend/internal/handlers/payment.go:308.94,309.30 1 0
github.com/school-crm/backend/internal/handlers/payment.go:309.30,311.21 2 0
github.com/school-crm/backend/internal/handlers/payment.go:311.21,314.4 2 0
github.com/school-crm/backend/internal/handlers/payment.go:316.3,318.19 3 0
github.com/school-crm/backend/internal/handlers/payment.go:318.19,320.4 1 0
github.com/school-crm/backend/internal/handlers/payment.go:321.3,321.21 1 0
github.com/school-crm/backend/internal/handlers/payment.go:321.21,323.4 1 0
github.com/school-crm/backend/internal/handlers/payment.go:324.3,324.20 1 0
github.com/school-crm/backend/internal/handlers/payment.go:324.20,326.4 1 0
github.com/school-crm/backend/internal/handlers/payment.go:328.3,336.17 2 0
github.com/school-crm/backend/internal/handlers/payment.go:336.17,339.4 2 0
github.com/school-crm/backend/internal/handlers/payment.go:341.3,343.20 3 0
github.com/school-crm/backend/internal/handlers/payment.go:343.20,345.4 1 0
github.com/school-crm/backend/internal/handlers/payment.go:346.3,346.18 1 0
github.com/school-crm/backend/internal/handlers/payment.go:346.18,348.4 1 0
github.com/school-crm/backend/internal/handlers/payment.go:350.3,355.5 1 0
github.com/school-crm/backend/internal/handlers/payment.go:359.202,360.30 1 0
github.com/school-crm/backend/internal/handlers/payment.go:360.30,362.21 2 0
github.com/school-crm/backend/internal/handlers/payment.go:362.21,365.4 2 0
github.com/school-crm/backend/internal/handlers/payment.go:367.3,370.32 3 0
github.com/school-crm/backend/internal/handlers/payment.go:370.32,372.18 2 0
github.com/school-crm/backend/internal/handlers/payment.go:372.18,375.5 2 0
github.com/school-crm/backend/internal/handlers/payment.go:376.4,377.36 2 0
github.com/school-crm/backend/internal/handlers/payment.go:380.3,391.17 2 0
github.com/school-crm/backend/internal/handlers/payment.go:391.17,394.4 2 0
github.com/school-crm/backend/internal/handlers/payment.go:396.3,398.17 3 0
github.com/school-crm/backend/internal/handlers/payment.go:398.17,404.4 1 0
github.com/school-crm/backend/internal/handlers/payment.go:406.3,407.54 2 0
github.com/school-crm/backend/internal/handlers/payment.go:407.54,409.4 1 0
github.com/school-crm/backend/internal/handlers/payment.go:410.3,410.56 1 0
github.com/school-crm/backend/internal/handlers/payment.go:410.56,412.4 1 0
github.com/school-crm/backend/internal/handlers/payment.go:413.3,413.71 1 0
github.com/school-crm/backend/internal/handlers/payment.go:413.71,415.4 1 0
github.com/school-crm/backend/internal/handlers/payment.go:415.9,415.85 1 0
github.com/school-crm/backend/internal/handlers/payment.go:415.85,417.34 2 0
github.com/school-crm/backend/internal/handlers/payment.go:417.34,418.35 1 0
github.com/school-crm/backend/internal/handlers/payment.go:418.35,420.6 1 0
github.com/school-crm/backend/internal/handlers/payment.go:424.3,430.5 1 0
github.com/school-crm/backend/internal/handlers/payment.go:436.124,437.30 1 0
github.com/school-crm/backend/internal/handlers/payment.go:437.30,439.17 2 0
github.com/school-crm/backend/internal/handlers/payment.go:439.17,442.4 2 0
github.com/school-crm/backend/internal/handlers/payment.go:444.3,449.48 2 0
github.com/school-crm/backend/internal/handlers/payment.go:449.48,452.4 2 0
github.com/school-crm/backend/internal/handlers/payment.go:453.3,453.28 1 0
github.com/school-crm/backend/internal/handlers/payment.go:453.28,456.4 2 0
github.com/school-crm/backend/internal/handlers/payment.go:458.3,461.26 2 0
github.com/school-crm/backend/internal/handlers/payment.go:461.26,462.30 1 0
github.com/school-crm/backend/internal/handlers/payment.go:462.30,463.25 1 0
github.com/school-crm/backend/internal/handlers/payment.go:463.25,468.6 2 0
github.com/school-crm/backend/internal/handlers/payment.go:472.3,473.29 2 0
github.com/school-crm/backend/internal/handlers/payment.go:473.29,474.24 1 0
github.com/school-crm/backend/internal/handlers/payment.go:474.24,476.5 1 0
github.com/school-crm/backend/internal/handlers/payment.go:478.3,482.5 1 0
github.com/school-crm/backend/internal/handlers/payment_type.go:13.96,14.52 1 0
github.com/school-crm/backend/internal/handlers/payment_type.go:14.52,16.17 2 0
github.com/school-crm/backend/internal/handlers/payment_type.go:16.17,19.4 2 0
github.com/school-crm/backend/internal/handlers/payment_type.go:20.3,20.29 1 0
github.com/school-crm/backend/internal/handlers/payment_type.go:25.93,29.33 2 0
github.com/school-crm/backend/internal/handlers/payment_type.go:29.33,31.17 2 0
github.com/school-crm/backend/internal/handlers/payment_type.go:31.17,34.4 2 0
github.com/school-crm/backend/internal/handlers/payment_type.go:35.3,35.29 1 0
github.com/school-crm/backend/internal/handlers/payment_type.go:39.2,39.34 1 0
github.com/school-crm/backend/internal/handlers/payment_type.go:39.34,41.48 2 0
github.com/school-crm/backend/internal/handlers/payment_type.go:41.48,44.4 2 0
github.com/school-crm/backend/internal/handlers/payment_type.go:45.3,46.17 2 0
github.com/school-crm/backend/internal/handlers/payment_type.go:46.17,49.4 2 0
github.com/school-crm/backend/internal/handlers/payment_type.go:50.3,50.33 1 0
github.com/school-crm/backend/internal/handlers/payment_type.go:54.2,54.39 1 0
github.com/school-crm/backend/internal/handlers/payment_type.go:54.39,57.48 3 0
github.com/school-crm/backend/internal/handlers/payment_type.go:57.48,60.4 2 0
github.com/school-crm/backend/internal/handlers/payment_type.go:61.3,62.17 2 0
github.com/school-crm/backend/internal/handlers/payment_type.go:62.17,65.4 2 0
github.com/school-crm/backend/internal/handlers/payment_type.go:66.3,66.16 1 0
github.com/school-crm/backend/internal/handlers/payment_type.go:66.16,69.4 2 0
github.com/school-crm/backend/internal/handlers/payment_type.go:70.3,70.28 1 0
github.com/school-crm/backend/internal/handlers/payment_type.go:74.2,74.45 1 0
github.com/school-crm/backend/internal/handlers/payment_type.go:74.45,77.17 3 0
github.com/school-crm/backend/internal/handlers/payment_type.go:77.17,80.4 2 0
github.com/school-crm/backend/internal/handlers/payment_type.go:81.3,81.16 1 0
github.com/school-crm/backend/internal/handlers/payment_type.go:81.16,84.4 2 0
github.com/school-crm/backend/internal/handlers/payment_type.go:85.3,85.28 1 0
github.com/school-crm/backend/internal/handlers/payment_type.go:89.2,89.40 1 0
github.com/school-crm/backend/internal/handlers/payment_type.go:89.40,91.61 2 0
github.com/school-crm/backend/internal/handlers/payment_type.go:91.61,94.4 2 0
github.com/school-crm/backend/internal/handlers/payment_type.go:95.3,95.66 1 0
github.com/school-crm/backend/internal/handlers/report.go:14.162,16.2 2 0
github.com/school-crm/backend/internal/handlers/report.go:16.2,23.3 4 0
github.com/school-crm/backend/internal/handlers/report.go:23.3,31.4 7 0
github.com/school-crm/backend/internal/handlers/report.go:35.77,36.30 1 0
github.com/school-crm/backend/internal/handlers/report.go:36.30,44.53 7 0
github.com/school-crm/backend/internal/handlers/report.go:44.53,47.4 2 0
github.com/school-crm/backend/internal/handlers/report.go:50.3,52.59 3 0
github.com/school-crm/backend/internal/handlers/report.go:52.59,54.4 1 0
github.com/school-crm/backend/internal/handlers/report.go:55.3,55.60 1 0
github.com/school-crm/backend/internal/handlers/report.go:55.60,57.4 1 0
github.com/school-crm/backend/internal/handlers/report.go:59.3,59.19 1 0
github.com/school-crm/backend/internal/handlers/report.go:59.19,61.4 1 0
github.com/school-crm/backend/internal/handlers/report.go:63.3,65.17 3 0
github.com/school-crm/backend/internal/handlers/report.go:65.17,68.4 2 0
github.com/school-crm/backend/internal/handlers/report.go:69.3,74.17 4 0
github.com/school-crm/backend/internal/handlers/report.go:74.17,77.4 2 0
github.com/school-crm/backend/internal/handlers/report.go:79.3,80.28 2 0
github.com/school-crm/backend/internal/handlers/report.go:80.28,81.42 1 0
github.com/school-crm/backend/internal/handlers/report.go:81.42,83.10 2 0
github.com/school-crm/backend/internal/handlers/report.go:86.3,86.20 1 0
github.com/school-crm/backend/internal/handlers/report.go:86.20,89.4 2 0
github.com/school-crm/backend/internal/handlers/report.go:92.3,96.17 4 0
github.com/school-crm/backend/internal/handlers/report.go:96.17,99.4 2 0
github.com/school-crm/backend/internal/handlers/report.go:101.3,107.5 1 0
github.com/school-crm/backend/internal/handlers/report.go:111.76,112.30 1 0
github.com/school-crm/backend/internal/handlers/report.go:112.30,118.63 5 0
github.com/school-crm/backend/internal/handlers/report.go:118.63,121.4 2 0
github.com/school-crm/backend/internal/handlers/report.go:123.3,124.17 2 0
github.com/school-crm/backend/internal/handlers/report.go:124.17,127.4 2 0
github.com/school-crm/backend/internal/handlers/report.go:129.3,130.17 2 0
github.com/school-crm/backend/internal/handlers/report.go:130.17,133.4 2 0
github.com/school-crm/backend/internal/handlers/report.go:135.3,136.17 2 0
github.com/school-crm/backend/internal/handlers/report.go:136.17,139.4 2 0
github.com/school-crm/backend/internal/handlers/report.go:141.3,141.31 1 0
github.com/school-crm/backend/internal/handlers/report.go:145.77,146.30 1 0
github.com/school-crm/backend/internal/handlers/report.go:146.30,152.53 5 0
github.com/school-crm/backend/internal/handlers/report.go:152.53,155.4 2 0
github.com/school-crm/backend/internal/handlers/report.go:157.3,159.17 3 0
github.com/school-crm/backend/internal/handlers/report.go:159.17,162.4 2 0
github.com/school-crm/backend/internal/handlers/report.go:163.3,166.17 3 0
github.com/school-crm/backend/internal/handlers/report.go:166.17,169.4 2 0
github.com/school-crm/backend/internal/handlers/report.go:171.3,171.31 1 0
github.com/school-crm/backend/internal/handlers/report.go:175.78,176.30 1 0
github.com/school-crm/backend/internal/handlers/report.go:176.30,182.63 5 0
github.com/school-crm/backend/internal/handlers/report.go:182.63,185.4 2 0
github.com/school-crm/backend/internal/handlers/report.go:187.3,188.17 2 0
github.com/school-crm/backend/internal/handlers/report.go:188.17,191.4 2 0
github.com/school-crm/backend/internal/handlers/report.go:193.3,194.17 2 0
github.com/school-crm/backend/internal/handlers/report.go:194.17,197.4 2 0
github.com/school-crm/backend/internal/handlers/report.go:199.3,200.17 2 0
github.com/school-crm/backend/internal/handlers/report.go:200.17,203.4 2 0
github.com/school-crm/backend/internal/handlers/report.go:205.3,205.31 1 0
github.com/school-crm/backend/internal/handlers/report.go:209.80,210.30 1 0
github.com/school-crm/backend/internal/handlers/report.go:210.30,215.63 4 0
github.com/school-crm/backend/internal/handlers/report.go:215.63,218.4 2 0
github.com/school-crm/backend/internal/handlers/report.go:220.3,221.17 2 0
github.com/school-crm/backend/internal/handlers/report.go:221.17,224.4 2 0
github.com/school-crm/backend/internal/handlers/report.go:226.3,227.17 2 0
github.com/school-crm/backend/internal/handlers/report.go:227.17,230.4 2 0
github.com/school-crm/backend/internal/handlers/report.go:232.3,233.17 2 0
github.com/school-crm/backend/internal/handlers/report.go:233.17,236.4 2 0
github.com/school-crm/backend/internal/handlers/report.go:238.3,238.33 1 0
github.com/school-crm/backend/internal/handlers/report.go:242.152,243.30 1 0
github.com/school-crm/backend/internal/handlers/report.go:243.30,248.90 4 0
github.com/school-crm/backend/internal/handlers/report.go:248.90,251.4 2 0
github.com/school-crm/backend/internal/handlers/report.go:252.3,252.91 1 0
github.com/school-crm/backend/internal/handlers/report.go:252.91,255.4 2 0
github.com/school-crm/backend/internal/handlers/report.go:258.3,260.14 3 0
github.com/school-crm/backend/internal/handlers/report.go:260.14,263.4 2 0
github.com/school-crm/backend/internal/handlers/report.go:264.3,266.17 3 0
github.com/school-crm/backend/internal/handlers/report.go:266.17,269.4 2 0
github.com/school-crm/backend/internal/handlers/report.go:271.3,272.27 2 0
github.com/school-crm/backend/internal/handlers/report.go:272.27,274.18 2 0
github.com/school-crm/backend/internal/handlers/report.go:274.18,277.5 2 0
github.com/school-crm/backend/internal/handlers/report.go:278.4,278.25 1 0
github.com/school-crm/backend/internal/handlers/report.go:278.25,280.5 1 0
github.com/school-crm/backend/internal/handlers/report.go:281.9,283.18 2 0
github.com/school-crm/backend/internal/handlers/report.go:283.18,286.5 2 0
github.com/school-crm/backend/internal/handlers/report.go:287.4,287.25 1 0
github.com/school-crm/backend/internal/handlers/report.go:287.25,289.5 1 0
github.com/school-crm/backend/internal/handlers/report.go:291.3,294.17 3 0
github.com/school-crm/backend/internal/handlers/report.go:294.17,297.4 2 0
github.com/school-crm/backend/internal/handlers/report.go:299.3,299.30 1 0
github.com/school-crm/backend/internal/handlers/report.go:303.78,304.30 1 0
github.com/school-crm/backend/internal/handlers/report.go:304.30,309.21 4 0
github.com/school-crm/backend/internal/handlers/report.go:309.21,312.4 2 0
github.com/school-crm/backend/internal/handlers/report.go:314.3,315.90 2 0
github.com/school-crm/backend/internal/handlers/report.go:315.90,318.4 2 0
github.com/school-crm/backend/internal/handlers/report.go:319.3,319.91 1 0
github.com/school-crm/backend/internal/handlers/report.go:319.91,322.4 2 0
github.com/school-crm/backend/internal/handlers/report.go:324.3,325.17 2 0
github.com/school-crm/backend/internal/handlers/report.go:325.17,328.4 2 0
github.com/school-crm/backend/internal/handlers/report.go:330.3,330.30 1 0
github.com/school-crm/backend/internal/handlers/report.go:334.77,335.30 1 0
github.com/school-crm/backend/internal/handlers/report.go:335.30,340.56 4 0
github.com/school-crm/backend/internal/handlers/report.go:340.56,343.4 2 0
github.com/school-crm/backend/internal/handlers/report.go:345.3,347.44 3 0
github.com/school-crm/backend/internal/handlers/report.go:347.44,350.4 2 0
github.com/school-crm/backend/internal/handlers/report.go:352.3,353.47 2 0
github.com/school-crm/backend/internal/handlers/report.go:353.47,356.4 2 0
github.com/school-crm/backend/internal/handlers/report.go:358.3,359.17 2 0
github.com/school-crm/backend/internal/handlers/report.go:359.17,362.4 2 0
github.com/school-crm/backend/internal/handlers/report.go:364.3,364.30 1 0
github.com/school-crm/backend/internal/handlers/salary.go:14.162,21.2 6 0
github.com/school-crm/backend/internal/handlers/salary.go:23.73,24.30 1 0
github.com/school-crm/backend/internal/handlers/salary.go:24.30,26.17 2 0
github.com/school-crm/backend/internal/handlers/salary.go:26.17,29.4 2 0
github.com/school-crm/backend/internal/handlers/salary.go:31.3,32.48 2 0
github.com/school-crm/backend/internal/handlers/salary.go:32.48,35.4 2 0
github.com/school-crm/backend/internal/handlers/salary.go:37.3,38.17 2 0
github.com/school-crm/backend/internal/handlers/salary.go:38.17,39.55 1 0
github.com/school-crm/backend/internal/handlers/salary.go:39.55,42.5 2 0
github.com/school-crm/backend/internal/handlers/salary.go:43.4,44.10 2 0
github.com/school-crm/backend/internal/handlers/salary.go:46.3,46.37 1 0
github.com/school-crm/backend/internal/handlers/salary.go:50.70,51.30 1 0
github.com/school-crm/backend/internal/handlers/salary.go:51.30,54.17 3 0
github.com/school-crm/backend/internal/handlers/salary.go:54.17,57.4 2 0
github.com/school-crm/backend/internal/handlers/salary.go:58.3,58.32 1 0
github.com/school-crm/backend/internal/handlers/salary.go:62.145,63.30 1 0
github.com/school-crm/backend/internal/handlers/salary.go:63.30,65.21 2 0
github.com/school-crm/backend/internal/handlers/salary.go:65.21,68.4 2 0
github.com/school-crm/backend/internal/handlers/salary.go:71.3,76.17 4 0
github.com/school-crm/backend/internal/handlers/salary.go:76.17,79.4 2 0
github.com/school-crm/backend/internal/handlers/salary.go:82.3,82.14 1 0
github.com/school-crm/backend/internal/handlers/salary.go:82.14,86.33 3 0
github.com/school-crm/backend/internal/handlers/salary.go:86.33,89.19 3 0
github.com/school-crm/backend/internal/handlers/salary.go:89.19,92.6 2 0
github.com/school-crm/backend/internal/handlers/salary.go:93.5,94.11 2 0
github.com/school-crm/backend/internal/handlers/salary.go:97.4,98.18 2 0
github.com/school-crm/backend/internal/handlers/salary.go:98.18,101.5 2 0
github.com/school-crm/backend/internal/handlers/salary.go:102.4,103.10 2 0
github.com/school-crm/backend/internal/handlers/salary.go:107.3,108.17 2 0
github.com/school-crm/backend/internal/handlers/salary.go:108.17,111.4 2 0
github.com/school-crm/backend/internal/handlers/salary.go:113.3,113.34 1 0
github.com/school-crm/backend/internal/handlers/salary.go:117.107,118.30 1 0
github.com/school-crm/backend/internal/handlers/salary.go:118.30,125.52 5 0
github.com/school-crm/backend/internal/handlers/salary.go:125.52,128.4 2 0
github.com/school-crm/backend/internal/handlers/salary.go:130.3,131.17 2 0
github.com/school-crm/backend/internal/handlers/salary.go:131.17,132.55 1 0
github.com/school-crm/backend/internal/handlers/salary.go:132.55,135.5 2 0
github.com/school-crm/backend/internal/handlers/salary.go:136.4,137.10 2 0
github.com/school-crm/backend/internal/handlers/salary.go:139.3,139.32 1 0
github.com/school-crm/backend/internal/handlers/salary.go:143.145,144.30 1 0
github.com/school-crm/backend/internal/handlers/salary.go:144.30,149.17 3 0
github.com/school-crm/backend/internal/handlers/salary.go:149.17,152.4 2 0
github.com/school-crm/backend/internal/handlers/salary.go:155.3,156.17 2 0
github.com/school-crm/backend/internal/handlers/salary.go:156.17,159.4 2 0
github.com/school-crm/backend/internal/handlers/salary.go:162.3,166.30 4 0
github.com/school-crm/backend/internal/handlers/salary.go:166.30,169.4 2 0
github.com/school-crm/backend/internal/handlers/salary.go:171.3,171.71 1 0
github.com/school-crm/backend/internal/handlers/salary.go:171.71,174.4 2 0
github.com/school-crm/backend/internal/handlers/salary.go:176.3,176.60 1 0
github.com/school-crm/backend/internal/handlers/schedule.go:17.118,22.2 4 0
github.com/school-crm/backend/internal/handlers/schedule.go:24.65,25.30 1 0
github.com/school-crm/backend/internal/handlers/schedule.go:25.30,28.21 3 0
github.com/school-crm/backend/internal/handlers/schedule.go:28.21,30.4 1 0
github.com/school-crm/backend/internal/handlers/schedule.go:32.3,36.20 2 0
github.com/school-crm/backend/internal/handlers/schedule.go:36.20,38.4 1 0
github.com/school-crm/backend/internal/handlers/schedule.go:38.9,38.28 1 0
github.com/school-crm/backend/internal/handlers/schedule.go:38.28,40.4 1 0
github.com/school-crm/backend/internal/handlers/schedule.go:40.9,43.4 2 0
github.com/school-crm/backend/internal/handlers/schedule.go:44.3,44.17 1 0
github.com/school-crm/backend/internal/handlers/schedule.go:44.17,47.4 2 0
github.com/school-crm/backend/internal/handlers/schedule.go:48.3,48.31 1 0
github.com/school-crm/backend/internal/handlers/schedule.go:52.67,53.30 1 0
github.com/school-crm/backend/internal/handlers/schedule.go:53.30,55.48 2 0
github.com/school-crm/backend/internal/handlers/schedule.go:55.48,58.4 2 0
github.com/school-crm/backend/internal/handlers/schedule.go:59.3,60.17 2 0
github.com/school-crm/backend/internal/handlers/schedule.go:60.17,63.4 2 0
github.com/school-crm/backend/internal/handlers/schedule.go:64.3,64.30 1 0
github.com/school-crm/backend/internal/handlers/schedule.go:68.67,69.30 1 0
github.com/school-crm/backend/internal/handlers/schedule.go:69.30,72.21 3 0
github.com/school-crm/backend/internal/handlers/schedule.go:72.21,74.4 1 0
github.com/school-crm/backend/internal/handlers/schedule.go:75.3,75.21 1 0
github.com/school-crm/backend/internal/handlers/schedule.go:75.21,78.4 2 0
github.com/school-crm/backend/internal/handlers/schedule.go:79.3,79.71 1 0
github.com/school-crm/backend/internal/handlers/schedule.go:79.71,82.4 2 0
github.com/school-crm/backend/internal/handlers/schedule.go:83.3,83.48 1 0
github.com/school-crm/backend/internal/handlers/settings.go:12.126,16.2 3 0
github.com/school-crm/backend/internal/handlers/settings.go:26.72,27.30 1 0
github.com/school-crm/backend/internal/handlers/settings.go:27.30,32.24 2 0
github.com/school-crm/backend/internal/handlers/settings.go:32.24,34.33 2 0
github.com/school-crm/backend/internal/handlers/settings.go:34.33,38.5 3 0
github.com/school-crm/backend/internal/handlers/settings.go:39.4,39.35 1 0
github.com/school-crm/backend/internal/handlers/settings.go:42.3,45.17 3 0
github.com/school-crm/backend/internal/handlers/settings.go:45.17,49.4 3 0
github.com/school-crm/backend/internal/handlers/settings.go:51.3,60.34 3 0
github.com/school-crm/backend/internal/handlers/settings.go:64.75,65.30 1 0
github.com/school-crm/backend/internal/handlers/settings.go:65.30,70.24 2 0
github.com/school-crm/backend/internal/handlers/settings.go:70.24,72.33 2 0
github.com/school-crm/backend/internal/handlers/settings.go:72.33,76.5 3 0
github.com/school-crm/backend/internal/handlers/settings.go:77.4,77.35 1 0
github.com/school-crm/backend/internal/handlers/settings.go:80.3,83.52 3 0
github.com/school-crm/backend/internal/handlers/settings.go:83.52,87.4 3 0
github.com/school-crm/backend/internal/handlers/settings.go:89.3,90.17 2 0
github.com/school-crm/backend/internal/handlers/settings.go:90.17,94.4 3 0
github.com/school-crm/backend/internal/handlers/settings.go:96.3,105.34 3 0
github.com/school-crm/backend/internal/handlers/student.go:13.210,22.2 8 0
github.com/school-crm/backend/internal/handlers/student.go:24.76,25.30 1 0
github.com/school-crm/backend/internal/handlers/student.go:25.30,27.48 2 0
github.com/school-crm/backend/internal/handlers/student.go:27.48,30.4 2 0
github.com/school-crm/backend/internal/handlers/student.go:32.3,33.17 2 0
github.com/school-crm/backend/internal/handlers/student.go:33.17,34.59 1 0
github.com/school-crm/backend/internal/handlers/student.go:34.59,40.5 2 0
github.com/school-crm/backend/internal/handlers/student.go:41.4,42.10 2 0
github.com/school-crm/backend/internal/handlers/student.go:44.3,44.38 1 0
github.com/school-crm/backend/internal/handlers/student.go:48.73,49.30 1 0
github.com/school-crm/backend/internal/handlers/student.go:49.30,52.17 3 0
github.com/school-crm/backend/internal/handlers/student.go:52.17,55.4 2 0
github.com/school-crm/backend/internal/handlers/student.go:56.3,56.33 1 0
github.com/school-crm/backend/internal/handlers/student.go:60.75,61.30 1 0
github.com/school-crm/backend/internal/handlers/student.go:61.30,63.21 2 0
github.com/school-crm/backend/internal/handlers/student.go:63.21,66.4 2 0
github.com/school-crm/backend/internal/handlers/student.go:68.3,73.59 5 0
github.com/school-crm/backend/internal/handlers/student.go:73.59,75.4 1 0
github.com/school-crm/backend/internal/handlers/student.go:76.3,76.60 1 0
github.com/school-crm/backend/internal/handlers/student.go:76.60,78.4 1 0
github.com/school-crm/backend/internal/handlers/student.go:79.3,79.19 1 0
github.com/school-crm/backend/internal/handlers/student.go:79.19,81.4 1 0
github.com/school-crm/backend/internal/handlers/student.go:83.3,84.17 2 0
github.com/school-crm/backend/internal/handlers/student.go:84.17,87.4 2 0
github.com/school-crm/backend/internal/handlers/student.go:89.3,95.5 1 0
github.com/school-crm/backend/internal/handlers/student.go:99.119,100.30 1 0
github.com/school-crm/backend/internal/handlers/student.go:100.30,104.52 3 0
github.com/school-crm/backend/internal/handlers/student.go:104.52,107.4 2 0
github.com/school-crm/backend/internal/handlers/student.go:109.3,110.17 2 0
github.com/school-crm/backend/internal/handlers/student.go:110.17,113.4 2 0
github.com/school-crm/backend/internal/handlers/student.go:116.3,116.26 1 0
github.com/school-crm/backend/internal/handlers/student.go:116.26,118.82 1 0
github.com/school-crm/backend/internal/handlers/student.go:118.82,123.5 1 0
github.com/school-crm/backend/internal/handlers/student.go:126.3,126.33 1 0
github.com/school-crm/backend/internal/handlers/student.go:130.76,131.30 1 0
github.com/school-crm/backend/internal/handlers/student.go:131.30,134.72 2 0
github.com/school-crm/backend/internal/handlers/student.go:134.72,137.4 2 0
github.com/school-crm/backend/internal/handlers/student.go:138.3,138.61 1 0
github.com/school-crm/backend/internal/handlers/student.go:142.90,143.30 1 0
github.com/school-crm/backend/internal/handlers/student.go:143.30,145.21 2 0
github.com/school-crm/backend/internal/handlers/student.go:145.21,148.4 2 0
github.com/school-crm/backend/internal/handlers/student.go:150.3,161.17 2 0
github.com/school-crm/backend/internal/handlers/student.go:161.17,164.4 2 0
github.com/school-crm/backend/internal/handlers/student.go:165.3,165.38 1 0
github.com/school-crm/backend/internal/handlers/student.go:169.89,170.30 1 0
github.com/school-crm/backend/internal/handlers/student.go:170.30,172.21 2 0
github.com/school-crm/backend/internal/handlers/student.go:172.21,175.4 2 0
github.com/school-crm/backend/internal/handlers/student.go:177.3,186.17 3 0
github.com/school-crm/backend/internal/handlers/student.go:186.17,189.4 2 0
github.com/school-crm/backend/internal/handlers/student.go:190.3,190.32 1 0
github.com/school-crm/backend/internal/handlers/student_notes.go:27.3,39.2 8 0
github.com/school-crm/backend/internal/handlers/student_notes.go:41.66,42.30 1 0
github.com/school-crm/backend/internal/handlers/student_notes.go:42.30,45.21 3 0
github.com/school-crm/backend/internal/handlers/student_notes.go:45.21,47.4 1 0
github.com/school-crm/backend/internal/handlers/student_notes.go:48.3,48.21 1 0
github.com/school-crm/backend/internal/handlers/student_notes.go:48.21,51.4 2 0
github.com/school-crm/backend/internal/handlers/student_notes.go:53.3,54.17 2 0
github.com/school-crm/backend/internal/handlers/student_notes.go:54.17,57.4 2 0
github.com/school-crm/backend/internal/handlers/student_notes.go:58.3,58.31 1 0
github.com/school-crm/backend/internal/handlers/student_notes.go:62.94,63.30 1 0
github.com/school-crm/backend/internal/handlers/student_notes.go:63.30,66.21 3 0
github.com/school-crm/backend/internal/handlers/student_notes.go:66.21,68.4 1 0
github.com/school-crm/backend/internal/handlers/student_notes.go:69.3,69.21 1 0
github.com/school-crm/backend/internal/handlers/student_notes.go:69.21,72.4 2 0
github.com/school-crm/backend/internal/handlers/student_notes.go:74.3,75.17 2 0
github.com/school-crm/backend/internal/handlers/student_notes.go:75.17,78.4 2 0
github.com/school-crm/backend/internal/handlers/student_notes.go:80.3,81.48 2 0
github.com/school-crm/backend/internal/handlers/student_notes.go:81.48,84.4 2 0
github.com/school-crm/backend/internal/handlers/student_notes.go:86.3,88.18 3 0
github.com/school-crm/backend/internal/handlers/student_notes.go:88.18,90.4 1 0
github.com/school-crm/backend/internal/handlers/student_notes.go:92.3,93.17 2 0
github.com/school-crm/backend/internal/handlers/student_notes.go:93.17,96.4 2 0
github.com/school-crm/backend/internal/handlers/student_notes.go:97.3,97.35 1 0
github.com/school-crm/backend/internal/handlers/student_notes.go:101.67,102.30 1 0
github.com/school-crm/backend/internal/handlers/student_notes.go:102.30,104.21 2 0
github.com/school-crm/backend/internal/handlers/student_notes.go:104.21,106.4 1 0
github.com/school-crm/backend/internal/handlers/student_notes.go:107.3,107.21 1 0
github.com/school-crm/backend/internal/handlers/student_notes.go:107.21,110.4 2 0
github.com/school-crm/backend/internal/handlers/student_notes.go:112.3,113.79 2 0
github.com/school-crm/backend/internal/handlers/student_notes.go:113.79,116.4 2 0
github.com/school-crm/backend/internal/handlers/student_notes.go:117.3,117.48 1 0
github.com/school-crm/backend/internal/handlers/student_notes.go:121.71,122.30 1 0
github.com/school-crm/backend/internal/handlers/student_notes.go:122.30,125.21 3 0
github.com/school-crm/backend/internal/handlers/student_notes.go:125.21,127.4 1 0
github.com/school-crm/backend/internal/handlers/student_notes.go:128.3,128.21 1 0
github.com/school-crm/backend/internal/handlers/student_notes.go:128.21,131.4 2 0
github.com/school-crm/backend/internal/handlers/student_notes.go:133.3,134.17 2 0
github.com/school-crm/backend/internal/handlers/student_notes.go:134.17,137.4 2 0
github.com/school-crm/backend/internal/handlers/student_notes.go:138.3,138.33 1 0
github.com/school-crm/backend/internal/handlers/student_notes.go:142.100,143.30 1 0
github.com/school-crm/backend/internal/handlers/student_notes.go:143.30,146.21 3 0
github.com/school-crm/backend/internal/handlers/student_notes.go:146.21,148.4 1 0
github.com/school-crm/backend/internal/handlers/student_notes.go:149.3,149.21 1 0
github.com/school-crm/backend/internal/handlers/student_notes.go:149.21,152.4 2 0
github.com/school-crm/backend/internal/handlers/student_notes.go:154.3,155.17 2 0
github.com/school-crm/backend/internal/handlers/student_notes.go:155.17,158.4 2 0
github.com/school-crm/backend/internal/handlers/student_notes.go:160.3,161.48 2 0
github.com/school-crm/backend/internal/handlers/student_notes.go:161.48,164.4 2 0
github.com/school-crm/backend/internal/handlers/student_notes.go:166.3,168.18 3 0
github.com/school-crm/backend/internal/handlers/student_notes.go:168.18,170.4 1 0
github.com/school-crm/backend/internal/handlers/student_notes.go:172.3,173.17 2 0
github.com/school-crm/backend/internal/handlers/student_notes.go:173.17,176.4 2 0
github.com/school-crm/backend/internal/handlers/student_notes.go:177.3,177.36 1 0
github.com/school-crm/backend/internal/handlers/student_notes.go:181.73,182.30 1 0
github.com/school-crm/backend/internal/handlers/student_notes.go:182.30,184.21 2 0
github.com/school-crm/backend/internal/handlers/student_notes.go:184.21,186.4 1 0
github.com/school-crm/backend/internal/handlers/student_notes.go:187.3,187.21 1 0
github.com/school-crm/backend/internal/handlers/student_notes.go:187.21,190.4 2 0
github.com/school-crm/backend/internal/handlers/student_notes.go:192.3,193.84 2 0
github.com/school-crm/backend/internal/handlers/student_notes.go:193.84,196.4 2 0
github.com/school-crm/backend/internal/handlers/student_notes.go:197.3,197.48 1 0
github.com/school-crm/backend/internal/handlers/student_notes.go:201.75,202.30 1 0
github.com/school-crm/backend/internal/handlers/student_notes.go:202.30,206.36 3 0
github.com/school-crm/backend/internal/handlers/student_notes.go:206.36,207.45 1 0
github.com/school-crm/backend/internal/handlers/student_notes.go:207.45,209.5 1 0
github.com/school-crm/backend/internal/handlers/student_notes.go:211.3,211.37 1 0
github.com/school-crm/backend/internal/handlers/student_notes.go:211.37,212.45 1 0
github.com/school-crm/backend/internal/handlers/student_notes.go:212.45,214.5 1 0
github.com/school-crm/backend/internal/handlers/student_notes.go:217.3,218.17 2 0
github.com/school-crm/backend/internal/handlers/student_notes.go:218.17,221.4 2 0
github.com/school-crm/backend/internal/handlers/student_notes.go:222.3,222.33 1 0
github.com/school-crm/backend/internal/handlers/subscription.go:20.93,21.30 1 0
github.com/school-crm/backend/internal/handlers/subscription.go:21.30,23.17 2 0
github.com/school-crm/backend/internal/handlers/subscription.go:23.17,25.75 1 0
github.com/school-crm/backend/internal/handlers/subscription.go:25.75,31.5 2 0
github.com/school-crm/backend/internal/handlers/subscription.go:32.4,33.10 2 0
github.com/school-crm/backend/internal/handlers/subscription.go:36.3,36.19 1 0
github.com/school-crm/backend/internal/handlers/subscription.go:36.19,38.4 1 0
github.com/school-crm/backend/internal/handlers/subscription.go:40.3,40.31 1 0
github.com/school-crm/backend/internal/handlers/subscription.go:45.126,46.30 1 0
github.com/school-crm/backend/internal/handlers/subscription.go:46.30,48.14 2 0
github.com/school-crm/backend/internal/handlers/subscription.go:48.14,51.4 2 0
github.com/school-crm/backend/internal/handlers/subscription.go:53.3,54.17 2 0
github.com/school-crm/backend/internal/handlers/subscription.go:54.17,57.4 2 0
github.com/school-crm/backend/internal/handlers/subscription.go:58.3,58.17 1 0
github.com/school-crm/backend/internal/handlers/subscription.go:58.17,61.4 2 0
github.com/school-crm/backend/internal/handlers/subscription.go:62.3,62.29 1 0
github.com/school-crm/backend/internal/handlers/subscription.go:67.96,68.30 1 0
github.com/school-crm/backend/internal/handlers/subscription.go:68.30,71.17 3 0
github.com/school-crm/backend/internal/handlers/subscription.go:71.17,74.4 2 0
github.com/school-crm/backend/internal/handlers/subscription.go:75.3,75.18 1 0
github.com/school-crm/backend/internal/handlers/subscription.go:75.18,78.4 2 0
github.com/school-crm/backend/internal/handlers/subscription.go:79.3,79.30 1 0
github.com/school-crm/backend/internal/handlers/subscription.go:84.97,85.30 1 0
github.com/school-crm/backend/internal/handlers/subscription.go:85.30,92.48 4 0
github.com/school-crm/backend/internal/handlers/subscription.go:92.48,95.4 2 0
github.com/school-crm/backend/internal/handlers/subscription.go:98.3,99.59 2 0
github.com/school-crm/backend/internal/handlers/subscription.go:99.59,102.4 2 0
github.com/school-crm/backend/internal/handlers/subscription.go:104.3,104.119 1 0
github.com/school-crm/backend/internal/handlers/subscription.go:104.119,107.4 2 0
github.com/school-crm/backend/internal/handlers/subscription.go:108.3,108.73 1 0
github.com/school-crm/backend/internal/handlers/subscription.go:124.125,125.30 1 0
github.com/school-crm/backend/internal/handlers/subscription.go:125.30,127.14 2 0
github.com/school-crm/backend/internal/handlers/subscription.go:127.14,130.4 2 0
github.com/school-crm/backend/internal/handlers/subscription.go:132.3,133.48 2 0
github.com/school-crm/backend/internal/handlers/subscription.go:133.48,136.4 2 0
github.com/school-crm/backend/internal/handlers/subscription.go:139.3,140.17 2 0
github.com/school-crm/backend/internal/handlers/subscription.go:140.17,143.4 2 0
github.com/school-crm/backend/internal/handlers/subscription.go:145.3,146.24 2 0
github.com/school-crm/backend/internal/handlers/subscription.go:146.24,147.33 1 0
github.com/school-crm/backend/internal/handlers/subscription.go:147.33,149.10 2 0
github.com/school-crm/backend/internal/handlers/subscription.go:153.3,153.18 1 0
github.com/school-crm/backend/internal/handlers/subscription.go:153.18,156.4 2 0
github.com/school-crm/backend/internal/handlers/subscription.go:158.3,161.21 3 0
github.com/school-crm/backend/internal/handlers/subscription.go:161.21,163.4 1 0
github.com/school-crm/backend/internal/handlers/subscription.go:165.3,175.99 2 0
github.com/school-crm/backend/internal/handlers/subscription.go:175.99,178.4 2 0
github.com/school-crm/backend/internal/handlers/subscription.go:180.3,185.21 2 0
github.com/school-crm/backend/internal/handlers/subscription.go:185.21,188.4 2 0
github.com/school-crm/backend/internal/handlers/subscription.go:190.3,190.39 1 0
github.com/school-crm/backend/internal/handlers/subscription.go:204.125,205.30 1 0
github.com/school-crm/backend/internal/handlers/subscription.go:205.30,207.14 2 0
github.com/school-crm/backend/internal/handlers/subscription.go:207.14,210.4 2 0
github.com/school-crm/backend/internal/handlers/subscription.go:213.3,214.56 2 0
github.com/school-crm/backend/internal/handlers/subscription.go:214.56,217.4 2 0
github.com/school-crm/backend/internal/handlers/subscription.go:219.3,220.27 2 0
github.com/school-crm/backend/internal/handlers/subscription.go:220.27,223.4 2 0
github.com/school-crm/backend/internal/handlers/subscription.go:225.3,225.118 1 0
github.com/school-crm/backend/internal/handlers/subscription.go:225.118,228.4 2 0
github.com/school-crm/backend/internal/handlers/subscription.go:230.3,230.81 1 0
github.com/school-crm/backend/internal/handlers/subscription.go:243.93,244.30 1 0
github.com/school-crm/backend/internal/handlers/subscription.go:244.30,246.27 2 0
github.com/school-crm/backend/internal/handlers/subscription.go:246.27,249.4 2 0
github.com/school-crm/backend/internal/handlers/subscription.go:251.3,252.17 2 0
github.com/school-crm/backend/internal/handlers/subscription.go:252.17,255.4 2 0
github.com/school-crm/backend/internal/handlers/subscription.go:257.3,257.19 1 0
github.com/school-crm/backend/internal/handlers/subscription.go:257.19,259.4 1 0
github.com/school-crm/backend/internal/handlers/subscription.go:261.3,261.31 1 0
github.com/school-crm/backend/internal/handlers/subscription.go:274.96,275.30 1 0
github.com/school-crm/backend/internal/handlers/subscription.go:275.30,277.27 2 0
github.com/school-crm/backend/internal/handlers/subscription.go:277.27,280.4 2 0
github.com/school-crm/backend/internal/handlers/subscription.go:282.3,283.17 2 0
github.com/school-crm/backend/internal/handlers/subscription.go:283.17,286.4 2 0
github.com/school-crm/backend/internal/handlers/subscription.go:288.3,288.22 1 0
github.com/school-crm/backend/internal/handlers/subscription.go:288.22,290.4 1 0
github.com/school-crm/backend/internal/handlers/subscription.go:292.3,292.34 1 0
github.com/school-crm/backend/internal/handlers/subscription.go:308.102,309.30 1 0
github.com/school-crm/backend/internal/handlers/subscription.go:309.30,311.49 2 0
github.com/school-crm/backend/internal/handlers/subscription.go:311.49,314.4 2 0
github.com/school-crm/backend/internal/handlers/subscription.go:317.3,317.96 1 0
github.com/school-crm/backend/internal/handlers/subscription.go:317.96,320.4 2 0
github.com/school-crm/backend/internal/handlers/subscription.go:322.3,322.35 1 0
github.com/school-crm/backend/internal/handlers/subscription.go:338.102,339.30 1 0
github.com/school-crm/backend/internal/handlers/subscription.go:339.30,341.19 2 0
github.com/school-crm/backend/internal/handlers/subscription.go:341.19,344.4 2 0
github.com/school-crm/backend/internal/handlers/subscription.go:346.3,347.49 2 0
github.com/school-crm/backend/internal/handlers/subscription.go:347.49,350.4 2 0
github.com/school-crm/backend/internal/handlers/subscription.go:352.3,353.96 2 0
github.com/school-crm/backend/internal/handlers/subscription.go:353.96,356.4 2 0
github.com/school-crm/backend/internal/handlers/subscription.go:358.3,358.30 1 0
github.com/school-crm/backend/internal/handlers/subscription.go:372.102,373.30 1 0
github.com/school-crm/backend/internal/handlers/subscription.go:373.30,375.19 2 0
github.com/school-crm/backend/internal/handlers/subscription.go:375.19,378.4 2 0
github.com/school-crm/backend/internal/handlers/subscription.go:380.3,380.97 1 0
github.com/school-crm/backend/internal/handlers/subscription.go:380.97,383.4 2 0
github.com/school-crm/backend/internal/handlers/subscription.go:385.3,385.84 1 0
github.com/school-crm/backend/internal/handlers/subscription.go:391.115,395.2 3 0
github.com/school-crm/backend/internal/handlers/subscription.go:400.95,401.30 1 0
github.com/school-crm/backend/internal/handlers/subscription.go:401.30,403.19 2 0
github.com/school-crm/backend/internal/handlers/subscription.go:403.19,406.4 2 0
github.com/school-crm/backend/internal/handlers/subscription.go:407.3,412.20 3 0
github.com/school-crm/backend/internal/handlers/subscription.go:412.20,414.4 1 0
github.com/school-crm/backend/internal/handlers/subscription.go:415.3,415.22 1 0
github.com/school-crm/backend/internal/handlers/subscription.go:415.22,417.4 1 0
github.com/school-crm/backend/internal/handlers/subscription.go:418.3,419.17 2 0
github.com/school-crm/backend/internal/handlers/subscription.go:419.17,422.4 2 0
github.com/school-crm/backend/internal/handlers/subscription.go:423.3,423.34 1 0
github.com/school-crm/backend/internal/handlers/subscription.go:428.108,431.2 2 0
github.com/school-crm/backend/internal/handlers/subscription.go:435.151,442.2 6 0
github.com/school-crm/backend/internal/handlers/teacher.go:11.127,19.2 6 0
github.com/school-crm/backend/internal/handlers/teacher.go:21.76,22.30 1 0
github.com/school-crm/backend/internal/handlers/teacher.go:22.30,24.48 2 0
github.com/school-crm/backend/internal/handlers/teacher.go:24.48,27.4 2 0
github.com/school-crm/backend/internal/handlers/teacher.go:29.3,30.17 2 0
github.com/school-crm/backend/internal/handlers/teacher.go:30.17,33.4 2 0
github.com/school-crm/backend/internal/handlers/teacher.go:35.3,35.38 1 0
github.com/school-crm/backend/internal/handlers/teacher.go:39.73,40.30 1 0
github.com/school-crm/backend/internal/handlers/teacher.go:40.30,43.17 3 0
github.com/school-crm/backend/internal/handlers/teacher.go:43.17,46.4 2 0
github.com/school-crm/backend/internal/handlers/teacher.go:47.3,47.33 1 0
github.com/school-crm/backend/internal/handlers/teacher.go:51.75,52.30 1 0
github.com/school-crm/backend/internal/handlers/teacher.go:52.30,54.21 2 0
github.com/school-crm/backend/internal/handlers/teacher.go:54.21,57.4 2 0
github.com/school-crm/backend/internal/handlers/teacher.go:59.3,60.17 2 0
github.com/school-crm/backend/internal/handlers/teacher.go:60.17,63.4 2 0
github.com/school-crm/backend/internal/handlers/teacher.go:65.3,65.34 1 0
github.com/school-crm/backend/internal/handlers/teacher.go:69.76,70.30 1 0
github.com/school-crm/backend/internal/handlers/teacher.go:70.30,74.52 3 0
github.com/school-crm/backend/internal/handlers/teacher.go:74.52,77.4 2 0
github.com/school-crm/backend/internal/handlers/teacher.go:79.3,80.17 2 0
github.com/school-crm/backend/internal/handlers/teacher.go:80.17,83.4 2 0
github.com/school-crm/backend/internal/handlers/teacher.go:85.3,85.33 1 0
github.com/school-crm/backend/internal/handlers/teacher.go:89.76,90.30 1 0
github.com/school-crm/backend/internal/handlers/teacher.go:90.30,93.72 2 0
github.com/school-crm/backend/internal/handlers/teacher.go:93.72,96.4 2 0
github.com/school-crm/backend/internal/handlers/teacher.go:98.3,98.61 1 0
github.com/school-crm/backend/internal/handlers/teacher_portal.go:19.3,23.2 3 0
github.com/school-crm/backend/internal/handlers/teacher_portal.go:25.74,26.30 1 0
github.com/school-crm/backend/internal/handlers/teacher_portal.go:26.30,28.17 2 0
github.com/school-crm/backend/internal/handlers/teacher_portal.go:28.17,31.4 2 0
github.com/school-crm/backend/internal/handlers/teacher_portal.go:33.3,34.17 2 0
github.com/school-crm/backend/internal/handlers/teacher_portal.go:34.17,37.4 2 0
github.com/school-crm/backend/internal/handlers/teacher_portal.go:38.3,38.30 1 0
github.com/school-crm/backend/internal/handlers/teacher_portal.go:42.73,43.30 1 0
github.com/school-crm/backend/internal/handlers/teacher_portal.go:43.30,49.49 3 0
github.com/school-crm/backend/internal/handlers/teacher_portal.go:49.49,52.4 2 0
github.com/school-crm/backend/internal/handlers/teacher_portal.go:54.3,54.92 1 0
github.com/school-crm/backend/internal/handlers/teacher_portal.go:54.92,57.4 2 0
github.com/school-crm/backend/internal/handlers/teacher_portal.go:58.3,58.48 1 0
github.com/school-crm/backend/internal/handlers/telegram_payment.go:23.145,24.30 1 0
github.com/school-crm/backend/internal/handlers/telegram_payment.go:24.30,26.14 2 0
github.com/school-crm/backend/internal/handlers/telegram_payment.go:26.14,29.4 2 0
github.com/school-crm/backend/internal/handlers/telegram_payment.go:31.3,32.27 2 0
github.com/school-crm/backend/internal/handlers/telegram_payment.go:32.27,35.4 2 0
github.com/school-crm/backend/internal/handlers/telegram_payment.go:38.3,39.77 2 0
github.com/school-crm/backend/internal/handlers/telegram_payment.go:39.77,42.4 2 0
github.com/school-crm/backend/internal/handlers/telegram_payment.go:45.3,46.17 2 0
github.com/school-crm/backend/internal/handlers/telegram_payment.go:46.17,49.4 2 0
github.com/school-crm/backend/internal/handlers/telegram_payment.go:51.3,52.30 2 0
github.com/school-crm/backend/internal/handlers/telegram_payment.go:52.30,53.38 1 0
github.com/school-crm/backend/internal/handlers/telegram_payment.go:53.38,55.10 2 0
github.com/school-crm/backend/internal/handlers/telegram_payment.go:59.3,59.21 1 0
github.com/school-crm/backend/internal/handlers/telegram_payment.go:59.21,62.4 2 0
github.com/school-crm/backend/internal/handlers/telegram_payment.go:65.3,66.17 2 0
github.com/school-crm/backend/internal/handlers/telegram_payment.go:66.17,70.4 3 0
github.com/school-crm/backend/internal/handlers/telegram_payment.go:72.3,72.32 1 0
github.com/school-crm/backend/internal/handlers/telegram_payment.go:88.95,89.30 1 0
github.com/school-crm/backend/internal/handlers/telegram_payment.go:89.30,93.38 3 0
github.com/school-crm/backend/internal/handlers/telegram_payment.go:93.38,97.4 3 0
github.com/school-crm/backend/internal/handlers/telegram_payment.go:100.3,101.29 2 0
github.com/school-crm/backend/internal/handlers/telegram_payment.go:101.29,105.4 3 0
github.com/school-crm/backend/internal/handlers/telegram_payment.go:107.3,112.5 2 0
github.com/school-crm/backend/internal/handlers/telegram_payment.go:117.160,120.2 1 0
github.com/school-crm/backend/internal/handlers/telegram_payment.go:123.112,125.2 1 0
github.com/school-crm/backend/internal/handlers/user.go:14.84,22.2 7 0
github.com/school-crm/backend/internal/handlers/user.go:24.66,25.30 1 0
github.com/school-crm/backend/internal/handlers/user.go:25.30,30.21 4 0
github.com/school-crm/backend/internal/handlers/user.go:30.21,33.4 1 0
github.com/school-crm/backend/internal/handlers/user.go:33.9,36.4 1 0
github.com/school-crm/backend/internal/handlers/user.go:38.3,38.17 1 0
github.com/school-crm/backend/internal/handlers/user.go:38.17,41.4 2 0
github.com/school-crm/backend/internal/handlers/user.go:42.3,42.31 1 0
github.com/school-crm/backend/internal/handlers/user.go:46.67,47.30 1 0
github.com/school-crm/backend/internal/handlers/user.go:47.30,49.17 2 0
github.com/school-crm/backend/internal/handlers/user.go:49.17,52.4 2 0
github.com/school-crm/backend/internal/handlers/user.go:55.3,56.48 2 0
github.com/school-crm/backend/internal/handlers/user.go:56.48,59.4 2 0
github.com/school-crm/backend/internal/handlers/user.go:61.3,65.48 2 0
github.com/school-crm/backend/internal/handlers/user.go:65.48,68.4 2 0
github.com/school-crm/backend/internal/handlers/user.go:70.3,71.17 2 0
github.com/school-crm/backend/internal/handlers/user.go:71.17,74.4 2 0
github.com/school-crm/backend/internal/handlers/user.go:77.3,79.17 3 0
github.com/school-crm/backend/internal/handlers/user.go:79.17,82.4 2 0
github.com/school-crm/backend/internal/handlers/user.go:85.3,85.29 1 0
github.com/school-crm/backend/internal/handlers/user.go:85.29,88.23 2 0
github.com/school-crm/backend/internal/handlers/user.go:88.23,90.47 2 0
github.com/school-crm/backend/internal/handlers/user.go:90.47,93.6 2 0
github.com/school-crm/backend/internal/handlers/user.go:94.5,94.31 1 0
github.com/school-crm/backend/internal/handlers/user.go:96.4,97.18 2 0
github.com/school-crm/backend/internal/handlers/user.go:97.18,100.5 2 0
github.com/school-crm/backend/internal/handlers/user.go:103.3,103.35 1 0
github.com/school-crm/backend/internal/handlers/user.go:107.64,108.30 1 0
github.com/school-crm/backend/internal/handlers/user.go:108.30,111.17 3 0
github.com/school-crm/backend/internal/handlers/user.go:111.17,114.4 2 0
github.com/school-crm/backend/internal/handlers/user.go:115.3,115.30 1 0
github.com/school-crm/backend/internal/handlers/user.go:119.67,120.30 1 0
github.com/school-crm/backend/internal/handlers/user.go:120.30,123.17 3 0
github.com/school-crm/backend/internal/handlers/user.go:123.17,126.4 2 0
github.com/school-crm/backend/internal/handlers/user.go:129.3,130.74 2 0
github.com/school-crm/backend/internal/handlers/user.go:130.74,133.4 2 0
github.com/school-crm/backend/internal/handlers/user.go:135.3,136.52 2 0
github.com/school-crm/backend/internal/handlers/user.go:136.52,139.4 2 0
github.com/school-crm/backend/internal/handlers/user.go:141.3,144.17 3 0
github.com/school-crm/backend/internal/handlers/user.go:144.17,148.4 3 0
github.com/school-crm/backend/internal/handlers/user.go:150.3,151.30 2 0
github.com/school-crm/backend/internal/handlers/user.go:155.67,156.30 1 0
github.com/school-crm/backend/internal/handlers/user.go:156.30,159.17 3 0
github.com/school-crm/backend/internal/handlers/user.go:159.17,162.4 2 0
github.com/school-crm/backend/internal/handlers/user.go:165.3,166.48 2 0
github.com/school-crm/backend/internal/handlers/user.go:166.48,169.4 2 0
github.com/school-crm/backend/internal/handlers/user.go:171.3,171.69 1 0
github.com/school-crm/backend/internal/handlers/user.go:171.69,174.4 2 0
github.com/school-crm/backend/internal/handlers/user.go:176.3,176.58 1 0
github.com/school-crm/backend/internal/handlers/user.go:180.78,181.30 1 0
github.com/school-crm/backend/internal/handlers/user.go:181.30,184.17 3 0
github.com/school-crm/backend/internal/handlers/user.go:184.17,187.4 2 0
github.com/school-crm/backend/internal/handlers/user.go:190.3,191.48 2 0
github.com/school-crm/backend/internal/handlers/user.go:191.48,194.4 2 0
github.com/school-crm/backend/internal/handlers/user.go:196.3,197.52 2 0
github.com/school-crm/backend/internal/handlers/user.go:197.52,200.4 2 0
github.com/school-crm/backend/internal/handlers/user.go:203.3,207.17 4 0
github.com/school-crm/backend/internal/handlers/user.go:207.17,210.4 2 0
github.com/school-crm/backend/internal/handlers/user.go:212.3,212.37 1 0
github.com/school-crm/backend/internal/handlers/user.go:217.83,221.34 3 0
github.com/school-crm/backend/internal/handlers/user.go:221.34,227.3 3 0
github.com/school-crm/backend/internal/handlers/user.go:229.2,229.18 1 0
